ctime,relname,pid,mode,granted
1441135615.87121,customer,127166,RowExclusiveLock,t
1441135615.87121,lineitem,127169,RowExclusiveLock,t
1441135615.87121,nation,127203,ShareUpdateExclusiveLock,t
1441135615.87121,nation,127203,ExclusiveLock,t
1441135615.87121,orders,127167,RowExclusiveLock,t
1441135615.87121,part,127164,RowExclusiveLock,t
1441135615.87121,partsupp,127168,RowExclusiveLock,t
1441135615.87121,pg_cast,127201,AccessShareLock,t
1441135615.87121,pg_cast_source_target_index,127201,AccessShareLock,t
1441135615.87121,pg_index,127202,AccessShareLock,t
1441135615.87121,pg_locks,127197,AccessShareLock,t
1441135615.87121,pg_stat_activity,127199,AccessShareLock,t
1441135615.87121,pg_stat_all_indexes,127202,AccessShareLock,t
1441135615.87121,pg_stat_all_tables,127201,AccessShareLock,t
1441135615.87121,pg_stat_database,127200,AccessShareLock,t
1441135615.87121,pg_statio_all_indexes,127202,AccessShareLock,t
1441135615.87121,pg_statio_all_tables,127201,AccessShareLock,t
1441135615.87121,pk_nation,127203,RowExclusiveLock,t
1441135615.87121,region,127185,AccessExclusiveLock,t
1441135615.87121,region,127185,ShareLock,t
1441135615.87121,supplier,127165,RowExclusiveLock,t
1441135675.87842,customer,127166,RowExclusiveLock,t
1441135675.87842,lineitem,127169,RowExclusiveLock,t
1441135675.87842,orders,127167,RowExclusiveLock,t
1441135675.87842,part,127164,RowExclusiveLock,t
1441135675.87842,partsupp,127168,RowExclusiveLock,t
1441135675.87842,pg_index,127281,AccessShareLock,t
1441135675.87842,pg_index,127277,AccessShareLock,t
1441135675.87842,pg_index_indexrelid_index,127277,AccessShareLock,t
1441135675.87842,pg_index_indrelid_index,127277,AccessShareLock,t
1441135675.87842,pg_locks,127280,AccessShareLock,t
1441135675.87842,pg_namespace,127281,AccessShareLock,t
1441135675.87842,pg_namespace,127277,AccessShareLock,t
1441135675.87842,pg_namespace_nspname_index,127277,AccessShareLock,t
1441135675.87842,pg_namespace_oid_index,127277,AccessShareLock,t
1441135675.87842,pg_opclass,127277,AccessShareLock,t
1441135675.87842,pg_opclass_am_name_nsp_index,127277,AccessShareLock,t
1441135675.87842,pg_stat_all_indexes,127277,AccessShareLock,t
1441135675.87842,pg_stat_all_tables,127281,AccessShareLock,t
1441135675.87842,pg_stat_database,127278,AccessShareLock,t
1441135675.87842,pg_statio_all_indexes,127277,AccessShareLock,t
1441135675.87842,pg_statio_all_tables,127281,AccessShareLock,t
1441135735.87708,customer,127292,ShareLock,f
1441135735.87708,customer,127290,ShareLock,t
1441135735.87708,customer,127290,AccessExclusiveLock,t
1441135735.87708,customer,127293,ShareLock,f
1441135735.87708,lineitem,127169,RowExclusiveLock,t
1441135735.87708,orders,127167,RowExclusiveLock,t
1441135735.87708,part,127303,ShareLock,t
1441135735.87708,part,127307,ShareLock,t
1441135735.87708,part,127304,ShareLock,t
1441135735.87708,part,127306,ShareLock,t
1441135735.87708,partsupp,127168,RowExclusiveLock,t
1441135735.87708,partsupp,127168,ExclusiveLock,t
1441135735.87708,pg_index,127316,AccessShareLock,t
1441135735.87708,pg_locks,127317,AccessShareLock,t
1441135735.87708,pg_namespace,127316,AccessShareLock,t
1441135735.87708,pg_operator,127320,AccessShareLock,t
1441135735.87708,pg_stat_activity,127319,AccessShareLock,t
1441135735.87708,pg_stat_all_indexes,127320,AccessShareLock,t
1441135735.87708,pg_stat_all_tables,127316,AccessShareLock,t
1441135735.87708,pg_stat_database,127318,AccessShareLock,t
1441135735.87708,pg_statio_all_indexes,127320,AccessShareLock,t
1441135735.87708,pg_statio_all_tables,127316,AccessShareLock,t
1441135795.87851,customer,127331,ShareUpdateExclusiveLock,t
1441135795.87851,customer_c_mktsegment_c_custkey_idx,127331,AccessShareLock,t
1441135795.87851,customer_c_nationkey_c_custkey_idx,127331,AccessShareLock,t
1441135795.87851,customer_c_phone_idx,127331,AccessShareLock,t
1441135795.87851,customer_c_phone_idx_c_acctbal,127331,AccessShareLock,t
1441135795.87851,lineitem,127169,RowExclusiveLock,t
1441135795.87851,orders,127167,RowExclusiveLock,t
1441135795.87851,part,127304,ShareLock,t
1441135795.87851,partsupp,127168,RowExclusiveLock,t
1441135795.87851,partsupp,127168,ExclusiveLock,t
1441135795.87851,pg_index,127342,AccessShareLock,t
1441135795.87851,pg_index,127346,AccessShareLock,t
1441135795.87851,pg_locks,127344,AccessShareLock,t
1441135795.87851,pg_stat_activity,127343,AccessShareLock,t
1441135795.87851,pg_stat_all_indexes,127346,AccessShareLock,t
1441135795.87851,pg_stat_all_tables,127342,AccessShareLock,t
1441135795.87851,pg_stat_database,127345,AccessShareLock,t
1441135795.87851,pg_statio_all_indexes,127346,AccessShareLock,t
1441135795.87851,pg_statio_all_tables,127342,AccessShareLock,t
1441135795.87851,pk_customer,127331,AccessShareLock,t
1441135855.88066,lineitem,127169,RowExclusiveLock,t
1441135855.88066,orders,127167,RowExclusiveLock,t
1441135855.88066,part,127363,ShareUpdateExclusiveLock,t
1441135855.88066,part_p_container_p_brand_p_partkey_idx,127363,AccessShareLock,t
1441135855.88066,part_p_name_idx,127363,AccessShareLock,t
1441135855.88066,part_p_size_idx,127363,AccessShareLock,t
1441135855.88066,part_p_type_p_partkey_idx,127363,AccessShareLock,t
1441135855.88066,partsupp,127168,RowExclusiveLock,t
1441135855.88066,pg_index,127373,AccessShareLock,t
1441135855.88066,pg_locks,127375,AccessShareLock,t
1441135855.88066,pg_namespace,127373,AccessShareLock,t
1441135855.88066,pg_rewrite,127377,AccessShareLock,t
1441135855.88066,pg_rewrite_rel_rulename_index,127377,AccessShareLock,t
1441135855.88066,pg_stat_activity,127374,AccessShareLock,t
1441135855.88066,pg_stat_all_indexes,127377,AccessShareLock,t
1441135855.88066,pg_stat_all_tables,127373,AccessShareLock,t
1441135855.88066,pg_stat_database,127376,AccessShareLock,t
1441135855.88066,pg_statio_all_tables,127373,AccessShareLock,t
1441135855.88066,pk_part,127363,AccessShareLock,t
1441135915.88254,lineitem,127169,RowExclusiveLock,t
1441135915.88254,orders,127167,RowExclusiveLock,t
1441135915.88254,partsupp,127385,AccessExclusiveLock,t
1441135915.88254,partsupp,127385,ShareLock,t
1441135915.88254,partsupp,127386,ShareLock,f
1441135915.88254,pg_index,127397,AccessShareLock,t
1441135915.88254,pg_index,127394,AccessShareLock,t
1441135915.88254,pg_locks,127395,AccessShareLock,t
1441135915.88254,pg_stat_activity,127398,AccessShareLock,t
1441135915.88254,pg_stat_all_indexes,127397,AccessShareLock,t
1441135915.88254,pg_stat_all_tables,127394,AccessShareLock,t
1441135915.88254,pg_stat_database,127396,AccessShareLock,t
1441135915.88254,pg_statio_all_indexes,127397,AccessShareLock,t
1441135915.88254,pg_statio_all_tables,127394,AccessShareLock,t
1441135975.88507,lineitem,127169,RowExclusiveLock,t
1441135975.88507,orders,127167,RowExclusiveLock,t
1441135975.88507,partsupp,127386,ShareLock,t
1441135975.88507,pg_index,127498,AccessShareLock,t
1441135975.88507,pg_index,127499,AccessShareLock,t
1441135975.88507,pg_locks,127497,AccessShareLock,t
1441135975.88507,pg_stat_activity,127496,AccessShareLock,t
1441135975.88507,pg_stat_all_indexes,127499,AccessShareLock,t
1441135975.88507,pg_stat_all_tables,127498,AccessShareLock,t
1441135975.88507,pg_stat_database,127495,AccessShareLock,t
1441135975.88507,pg_statio_all_indexes,127499,AccessShareLock,t
1441135975.88507,pg_statio_all_tables,127498,AccessShareLock,t
1441136035.88763,lineitem,127169,RowExclusiveLock,t
1441136035.88763,orders,127167,RowExclusiveLock,t
1441136035.88763,partsupp,127386,ShareLock,t
1441136035.88763,pg_locks,127542,AccessShareLock,t
1441136035.88763,pg_stat_activity,127545,AccessShareLock,t
1441136035.88763,pg_stat_all_indexes,127543,AccessShareLock,t
1441136035.88763,pg_stat_all_tables,127541,AccessShareLock,t
1441136035.88763,pg_stat_database,127544,AccessShareLock,t
1441136035.88763,pg_statio_all_indexes,127543,AccessShareLock,t
1441136035.88763,pg_statio_all_tables,127541,AccessShareLock,t
1441136095.88852,lineitem,127169,RowExclusiveLock,t
1441136095.88852,orders,127167,RowExclusiveLock,t
1441136095.88852,pg_index,127563,AccessShareLock,t
1441136095.88852,pg_index,127561,AccessShareLock,t
1441136095.88852,pg_locks,127562,AccessShareLock,t
1441136095.88852,pg_namespace,127563,AccessShareLock,t
1441136095.88852,pg_stat_activity,127564,AccessShareLock,t
1441136095.88852,pg_stat_all_indexes,127563,AccessShareLock,t
1441136095.88852,pg_stat_all_tables,127561,AccessShareLock,t
1441136095.88852,pg_stat_database,127565,AccessShareLock,t
1441136095.88852,pg_statio_all_indexes,127563,AccessShareLock,t
1441136095.88852,pg_statio_all_tables,127561,AccessShareLock,t
1441136155.88946,lineitem,127169,RowExclusiveLock,t
1441136155.88946,orders,127167,ExclusiveLock,t
1441136155.88946,orders,127167,RowExclusiveLock,t
1441136155.88946,pg_index,127579,AccessShareLock,t
1441136155.88946,pg_locks,127575,AccessShareLock,t
1441136155.88946,pg_stat_activity,127576,AccessShareLock,t
1441136155.88946,pg_stat_all_indexes,127579,AccessShareLock,t
1441136155.88946,pg_stat_all_tables,127578,AccessShareLock,t
1441136155.88946,pg_stat_database,127577,AccessShareLock,t
1441136155.88946,pg_statio_all_indexes,127579,AccessShareLock,t
1441136155.88946,pg_statio_all_tables,127578,AccessShareLock,t
1441136215.89142,lineitem,127169,RowExclusiveLock,t
1441136215.89142,orders,127584,ShareLock,t
1441136215.89142,orders,127585,AccessExclusiveLock,f
1441136215.89142,orders,127583,ShareLock,f
1441136215.89142,pg_index,127594,AccessShareLock,t
1441136215.89142,pg_index,127595,AccessShareLock,t
1441136215.89142,pg_locks,127598,AccessShareLock,t
1441136215.89142,pg_namespace,127595,AccessShareLock,t
1441136215.89142,pg_namespace,127594,AccessShareLock,t
1441136215.89142,pg_stat_activity,127597,AccessShareLock,t
1441136215.89142,pg_stat_all_indexes,127595,AccessShareLock,t
1441136215.89142,pg_stat_all_tables,127594,AccessShareLock,t
1441136215.89142,pg_stat_database,127596,AccessShareLock,t
1441136215.89142,pg_statio_all_indexes,127595,AccessShareLock,t
1441136215.89142,pg_statio_all_tables,127594,AccessShareLock,t
1441136275.89274,lineitem,127169,RowExclusiveLock,t
1441136275.89274,orders,127585,AccessExclusiveLock,f
1441136275.89274,orders,127584,ShareLock,t
1441136275.89274,orders,127583,ShareLock,f
1441136275.89274,pg_amproc,127609,AccessShareLock,t
1441136275.89274,pg_amproc_fam_proc_index,127609,AccessShareLock,t
1441136275.89274,pg_index,127611,AccessShareLock,t
1441136275.89274,pg_locks,127610,AccessShareLock,t
1441136275.89274,pg_namespace,127611,AccessShareLock,t
1441136275.89274,pg_stat_activity,127609,AccessShareLock,t
1441136275.89274,pg_stat_all_indexes,127611,AccessShareLock,t
1441136275.89274,pg_stat_all_tables,127612,AccessShareLock,t
1441136275.89274,pg_stat_database,127608,AccessShareLock,t
1441136275.89274,pg_statio_all_indexes,127611,AccessShareLock,t
1441136275.89274,pg_statio_all_tables,127612,AccessShareLock,t
1441136335.89437,lineitem,127169,RowExclusiveLock,t
1441136335.89437,orders,127585,AccessExclusiveLock,t
1441136335.89437,orders,127585,ShareLock,t
1441136335.89437,orders,127583,ShareLock,f
1441136335.89437,pg_index,127627,AccessShareLock,t
1441136335.89437,pg_index,127625,AccessShareLock,t
1441136335.89437,pg_locks,127624,AccessShareLock,t
1441136335.89437,pg_stat_activity,127623,AccessShareLock,t
1441136335.89437,pg_stat_all_indexes,127627,AccessShareLock,t
1441136335.89437,pg_stat_all_tables,127625,AccessShareLock,t
1441136335.89437,pg_stat_database,127626,AccessShareLock,t
1441136335.89437,pg_statio_all_indexes,127627,AccessShareLock,t
1441136335.89437,pg_statio_all_tables,127625,AccessShareLock,t
1441136395.89613,lineitem,127169,RowExclusiveLock,t
1441136395.89613,orders,127585,AccessExclusiveLock,t
1441136395.89613,orders,127585,ShareLock,t
1441136395.89613,orders,127583,ShareLock,f
1441136395.89613,pg_index,127638,AccessShareLock,t
1441136395.89613,pg_index,127636,AccessShareLock,t
1441136395.89613,pg_locks,127637,AccessShareLock,t
1441136395.89613,pg_namespace,127638,AccessShareLock,t
1441136395.89613,pg_stat_activity,127640,AccessShareLock,t
1441136395.89613,pg_stat_all_indexes,127638,AccessShareLock,t
1441136395.89613,pg_stat_all_tables,127636,AccessShareLock,t
1441136395.89613,pg_stat_database,127639,AccessShareLock,t
1441136395.89613,pg_statio_all_indexes,127638,AccessShareLock,t
1441136395.89613,pg_statio_all_tables,127636,AccessShareLock,t
1441136455.89882,lineitem,127169,RowExclusiveLock,t
1441136455.89882,orders,127583,ShareLock,t
1441136455.89882,pg_index,127657,AccessShareLock,t
1441136455.89882,pg_locks,127660,AccessShareLock,t
1441136455.89882,pg_namespace,127657,AccessShareLock,t
1441136455.89882,pg_operator,127661,AccessShareLock,t
1441136455.89882,pg_stat_activity,127659,AccessShareLock,t
1441136455.89882,pg_stat_all_indexes,127657,AccessShareLock,t
1441136455.89882,pg_stat_all_tables,127661,AccessShareLock,t
1441136455.89882,pg_stat_database,127658,AccessShareLock,t
1441136455.89882,pg_statio_all_indexes,127657,AccessShareLock,t
1441136455.89882,pg_statio_all_tables,127661,AccessShareLock,t
1441136515.89991,lineitem,127169,RowExclusiveLock,t
1441136515.89991,orders,127583,ShareLock,t
1441136515.89991,pg_cast,127672,AccessShareLock,t
1441136515.89991,pg_cast_source_target_index,127672,AccessShareLock,t
1441136515.89991,pg_index,127672,AccessShareLock,t
1441136515.89991,pg_index,127674,AccessShareLock,t
1441136515.89991,pg_index_indexrelid_index,127672,AccessShareLock,t
1441136515.89991,pg_index_indrelid_index,127672,AccessShareLock,t
1441136515.89991,pg_locks,127671,AccessShareLock,t
1441136515.89991,pg_namespace,127672,AccessShareLock,t
1441136515.89991,pg_namespace,127674,AccessShareLock,t
1441136515.89991,pg_namespace_nspname_index,127672,AccessShareLock,t
1441136515.89991,pg_namespace_oid_index,127672,AccessShareLock,t
1441136515.89991,pg_opclass,127672,AccessShareLock,t
1441136515.89991,pg_opclass_am_name_nsp_index,127672,AccessShareLock,t
1441136515.89991,pg_stat_all_indexes,127672,AccessShareLock,t
1441136515.89991,pg_stat_all_tables,127674,AccessShareLock,t
1441136515.89991,pg_stat_database,127670,AccessShareLock,t
1441136515.89991,pg_statio_all_indexes,127672,AccessShareLock,t
1441136515.89991,pg_statio_all_tables,127674,AccessShareLock,t
1441136575.90221,lineitem,127169,RowExclusiveLock,t
1441136575.90221,orders,127583,ShareLock,t
1441136575.90221,pg_amop,127685,AccessShareLock,t
1441136575.90221,pg_amop_fam_strat_index,127685,AccessShareLock,t
1441136575.90221,pg_index,127685,AccessShareLock,t
1441136575.90221,pg_index,127686,AccessShareLock,t
1441136575.90221,pg_index_indexrelid_index,127686,AccessShareLock,t
1441136575.90221,pg_index_indexrelid_index,127685,AccessShareLock,t
1441136575.90221,pg_index_indrelid_index,127686,AccessShareLock,t
1441136575.90221,pg_index_indrelid_index,127685,AccessShareLock,t
1441136575.90221,pg_locks,127687,AccessShareLock,t
1441136575.90221,pg_namespace,127685,AccessShareLock,t
1441136575.90221,pg_namespace,127686,AccessShareLock,t
1441136575.90221,pg_namespace_nspname_index,127686,AccessShareLock,t
1441136575.90221,pg_namespace_nspname_index,127685,AccessShareLock,t
1441136575.90221,pg_namespace_oid_index,127685,AccessShareLock,t
1441136575.90221,pg_namespace_oid_index,127686,AccessShareLock,t
1441136575.90221,pg_stat_activity,127688,AccessShareLock,t
1441136575.90221,pg_stat_all_indexes,127685,AccessShareLock,t
1441136575.90221,pg_stat_all_tables,127686,AccessShareLock,t
1441136575.90221,pg_stat_database,127689,AccessShareLock,t
1441136575.90221,pg_statio_all_indexes,127685,AccessShareLock,t
1441136575.90221,pg_statio_all_tables,127686,AccessShareLock,t
1441136635.90343,lineitem,127169,RowExclusiveLock,t
1441136635.90343,orders,127695,ShareUpdateExclusiveLock,t
1441136635.90343,orders_o_orderdate_o_orderkey_idx,127695,RowExclusiveLock,t
1441136635.90343,orders_o_orderkey_o_orderdate_idx,127695,RowExclusiveLock,t
1441136635.90343,pg_index,127707,AccessShareLock,t
1441136635.90343,pg_locks,127706,AccessShareLock,t
1441136635.90343,pg_stat_activity,127705,AccessShareLock,t
1441136635.90343,pg_stat_all_indexes,127707,AccessShareLock,t
1441136635.90343,pg_stat_all_tables,127709,AccessShareLock,t
1441136635.90343,pg_stat_database,127708,AccessShareLock,t
1441136635.90343,pg_statio_all_indexes,127707,AccessShareLock,t
1441136635.90343,pg_statio_all_tables,127709,AccessShareLock,t
1441136635.90343,pk_orders,127695,RowExclusiveLock,t
1441136695.90514,lineitem,127169,RowExclusiveLock,t
1441136695.90514,pg_amop,127722,AccessShareLock,t
1441136695.90514,pg_amop_opr_fam_index,127722,AccessShareLock,t
1441136695.90514,pg_index,127722,AccessShareLock,t
1441136695.90514,pg_index,127719,AccessShareLock,t
1441136695.90514,pg_index_indexrelid_index,127722,AccessShareLock,t
1441136695.90514,pg_index_indrelid_index,127722,AccessShareLock,t
1441136695.90514,pg_index_indrelid_index,127719,AccessShareLock,t
1441136695.90514,pg_locks,127720,AccessShareLock,t
1441136695.90514,pg_namespace,127722,AccessShareLock,t
1441136695.90514,pg_namespace,127719,AccessShareLock,t
1441136695.90514,pg_namespace_nspname_index,127722,AccessShareLock,t
1441136695.90514,pg_namespace_oid_index,127722,AccessShareLock,t
1441136695.90514,pg_stat_all_indexes,127722,AccessShareLock,t
1441136695.90514,pg_stat_all_tables,127719,AccessShareLock,t
1441136695.90514,pg_stat_database,127718,AccessShareLock,t
1441136695.90514,pg_statio_all_indexes,127722,AccessShareLock,t
1441136695.90514,pg_statio_all_tables,127719,AccessShareLock,t
1441136755.90802,lineitem,127169,RowExclusiveLock,t
1441136755.90802,pg_index,127735,AccessShareLock,t
1441136755.90802,pg_index,127736,AccessShareLock,t
1441136755.90802,pg_index_indexrelid_index,127736,AccessShareLock,t
1441136755.90802,pg_index_indrelid_index,127736,AccessShareLock,t
1441136755.90802,pg_locks,127733,AccessShareLock,t
1441136755.90802,pg_namespace,127735,AccessShareLock,t
1441136755.90802,pg_namespace,127736,AccessShareLock,t
1441136755.90802,pg_stat_all_indexes,127736,AccessShareLock,t
1441136755.90802,pg_stat_all_tables,127735,AccessShareLock,t
1441136755.90802,pg_stat_database,127734,AccessShareLock,t
1441136755.90802,pg_statio_all_indexes,127736,AccessShareLock,t
1441136755.90802,pg_statio_all_tables,127735,AccessShareLock,t
1441136815.91688,lineitem,127169,RowExclusiveLock,t
1441136815.91688,pg_index,127749,AccessShareLock,t
1441136815.91688,pg_index,127745,AccessShareLock,t
1441136815.91688,pg_locks,127747,AccessShareLock,t
1441136815.91688,pg_stat_activity,127746,AccessShareLock,t
1441136815.91688,pg_stat_all_indexes,127749,AccessShareLock,t
1441136815.91688,pg_stat_all_tables,127745,AccessShareLock,t
1441136815.91688,pg_stat_database,127748,AccessShareLock,t
1441136815.91688,pg_statio_all_indexes,127749,AccessShareLock,t
1441136815.91688,pg_statio_all_tables,127745,AccessShareLock,t
1441136875.91539,lineitem,127169,RowExclusiveLock,t
1441136875.91539,pg_amop,127761,AccessShareLock,t
1441136875.91539,pg_index,127762,AccessShareLock,t
1441136875.91539,pg_index,127763,AccessShareLock,t
1441136875.91539,pg_locks,127759,AccessShareLock,t
1441136875.91539,pg_namespace,127763,AccessShareLock,t
1441136875.91539,pg_stat_activity,127761,AccessShareLock,t
1441136875.91539,pg_stat_all_indexes,127763,AccessShareLock,t
1441136875.91539,pg_stat_all_tables,127762,AccessShareLock,t
1441136875.91539,pg_stat_database,127760,AccessShareLock,t
1441136875.91539,pg_statio_all_indexes,127763,AccessShareLock,t
1441136875.91539,pg_statio_all_tables,127762,AccessShareLock,t
1441136935.9168,lineitem,127169,ExclusiveLock,t
1441136935.9168,lineitem,127169,RowExclusiveLock,t
1441136935.9168,pg_index,127775,AccessShareLock,t
1441136935.9168,pg_locks,127774,AccessShareLock,t
1441136935.9168,pg_namespace,127775,AccessShareLock,t
1441136935.9168,pg_stat_activity,127773,AccessShareLock,t
1441136935.9168,pg_stat_all_indexes,127775,AccessShareLock,t
1441136935.9168,pg_stat_all_tables,127777,AccessShareLock,t
1441136935.9168,pg_stat_database,127776,AccessShareLock,t
1441136935.9168,pg_statio_all_indexes,127775,AccessShareLock,t
1441136935.9168,pg_statio_all_tables,127777,AccessShareLock,t
1441136995.91864,lineitem,127169,RowExclusiveLock,t
1441136995.91864,pg_index,127789,AccessShareLock,t
1441136995.91864,pg_locks,127788,AccessShareLock,t
1441136995.91864,pg_namespace,127789,AccessShareLock,t
1441136995.91864,pg_stat_activity,127792,AccessShareLock,t
1441136995.91864,pg_stat_all_indexes,127789,AccessShareLock,t
1441136995.91864,pg_stat_all_tables,127791,AccessShareLock,t
1441136995.91864,pg_stat_database,127790,AccessShareLock,t
1441136995.91864,pg_statio_all_indexes,127789,AccessShareLock,t
1441136995.91864,pg_statio_all_tables,127791,AccessShareLock,t
1441137055.9209,lineitem,127169,RowExclusiveLock,t
1441137055.9209,pg_index,127813,AccessShareLock,t
1441137055.9209,pg_locks,127811,AccessShareLock,t
1441137055.9209,pg_stat_activity,127809,AccessShareLock,t
1441137055.9209,pg_stat_all_indexes,127813,AccessShareLock,t
1441137055.9209,pg_stat_all_tables,127812,AccessShareLock,t
1441137055.9209,pg_stat_database,127810,AccessShareLock,t
1441137055.9209,pg_statio_all_indexes,127813,AccessShareLock,t
1441137055.9209,pg_statio_all_tables,127812,AccessShareLock,t
1441137115.92197,lineitem,127169,RowExclusiveLock,t
1441137115.92197,pg_index,127826,AccessShareLock,t
1441137115.92197,pg_index,127825,AccessShareLock,t
1441137115.92197,pg_index_indexrelid_index,127825,AccessShareLock,t
1441137115.92197,pg_index_indrelid_index,127825,AccessShareLock,t
1441137115.92197,pg_locks,127823,AccessShareLock,t
1441137115.92197,pg_namespace,127826,AccessShareLock,t
1441137115.92197,pg_namespace,127825,AccessShareLock,t
1441137115.92197,pg_namespace_nspname_index,127825,AccessShareLock,t
1441137115.92197,pg_namespace_oid_index,127825,AccessShareLock,t
1441137115.92197,pg_stat_all_indexes,127825,AccessShareLock,t
1441137115.92197,pg_stat_all_tables,127826,AccessShareLock,t
1441137115.92197,pg_stat_database,127827,AccessShareLock,t
1441137115.92197,pg_statio_all_indexes,127825,AccessShareLock,t
1441137115.92197,pg_statio_all_tables,127826,AccessShareLock,t
1441137175.92394,lineitem,127169,RowExclusiveLock,t
1441137175.92394,pg_index,127844,AccessShareLock,t
1441137175.92394,pg_index,127842,AccessShareLock,t
1441137175.92394,pg_locks,127843,AccessShareLock,t
1441137175.92394,pg_namespace,127844,AccessShareLock,t
1441137175.92394,pg_namespace,127842,AccessShareLock,t
1441137175.92394,pg_stat_activity,127841,AccessShareLock,t
1441137175.92394,pg_stat_all_indexes,127844,AccessShareLock,t
1441137175.92394,pg_stat_all_tables,127842,AccessShareLock,t
1441137175.92394,pg_stat_database,127840,AccessShareLock,t
1441137175.92394,pg_statio_all_indexes,127844,AccessShareLock,t
1441137175.92394,pg_statio_all_tables,127842,AccessShareLock,t
1441137235.92538,lineitem,127169,RowExclusiveLock,t
1441137235.92538,pg_index,127858,AccessShareLock,t
1441137235.92538,pg_index,127855,AccessShareLock,t
1441137235.92538,pg_locks,127857,AccessShareLock,t
1441137235.92538,pg_stat_activity,127856,AccessShareLock,t
1441137235.92538,pg_stat_all_indexes,127858,AccessShareLock,t
1441137235.92538,pg_stat_all_tables,127855,AccessShareLock,t
1441137235.92538,pg_stat_database,127854,AccessShareLock,t
1441137235.92538,pg_statio_all_indexes,127858,AccessShareLock,t
1441137235.92538,pg_statio_all_tables,127855,AccessShareLock,t
1441137295.92765,lineitem,127169,RowExclusiveLock,t
1441137295.92765,pg_index,127870,AccessShareLock,t
1441137295.92765,pg_index,127871,AccessShareLock,t
1441137295.92765,pg_index_indexrelid_index,127870,AccessShareLock,t
1441137295.92765,pg_index_indrelid_index,127870,AccessShareLock,t
1441137295.92765,pg_locks,127869,AccessShareLock,t
1441137295.92765,pg_namespace,127870,AccessShareLock,t
1441137295.92765,pg_namespace,127871,AccessShareLock,t
1441137295.92765,pg_namespace_nspname_index,127870,AccessShareLock,t
1441137295.92765,pg_namespace_oid_index,127870,AccessShareLock,t
1441137295.92765,pg_stat_all_indexes,127870,AccessShareLock,t
1441137295.92765,pg_stat_all_tables,127871,AccessShareLock,t
1441137295.92765,pg_stat_database,127867,AccessShareLock,t
1441137295.92765,pg_statio_all_indexes,127870,AccessShareLock,t
1441137295.92765,pg_statio_all_tables,127871,AccessShareLock,t
1441137355.96935,lineitem,127169,RowExclusiveLock,t
1441137355.96935,pg_locks,127884,AccessShareLock,t
1441137415.93049,lineitem,127169,RowExclusiveLock,t
1441137415.93049,pg_index,127896,AccessShareLock,t
1441137415.93049,pg_locks,127897,AccessShareLock,t
1441137415.93049,pg_namespace,127896,AccessShareLock,t
1441137415.93049,pg_stat_activity,127898,AccessShareLock,t
1441137415.93049,pg_stat_all_indexes,127896,AccessShareLock,t
1441137415.93049,pg_stat_all_tables,127895,AccessShareLock,t
1441137415.93049,pg_stat_database,127894,AccessShareLock,t
1441137415.93049,pg_statio_all_indexes,127896,AccessShareLock,t
1441137415.93049,pg_statio_all_tables,127895,AccessShareLock,t
1441137475.9815,lineitem,127169,RowExclusiveLock,t
1441137475.9815,pg_amproc,127912,AccessShareLock,t
1441137475.9815,pg_index,127913,AccessShareLock,t
1441137475.9815,pg_index,127909,AccessShareLock,t
1441137475.9815,pg_index_indrelid_index,127909,AccessShareLock,t
1441137475.9815,pg_locks,127910,AccessShareLock,t
1441137475.9815,pg_stat_activity,127912,AccessShareLock,t
1441137475.9815,pg_stat_all_tables,127913,AccessShareLock,t
1441137475.9815,pg_stat_database,127909,AccessShareLock,t
1441137475.9815,pg_statio_all_tables,127913,AccessShareLock,t
1441137535.98134,lineitem,127169,RowExclusiveLock,t
1441137535.98134,pg_index,127926,AccessShareLock,t
1441137535.98134,pg_locks,127924,AccessShareLock,t
1441137535.98134,pg_namespace,127926,AccessShareLock,t
1441137535.98134,pg_stat_all_indexes,127926,AccessShareLock,t
1441137535.98134,pg_statio_all_indexes,127926,AccessShareLock,t
1441137595.9946,lineitem,127169,RowExclusiveLock,t
1441137595.9946,pg_locks,127939,AccessShareLock,t
1441137595.9946,pg_stat_activity,127937,AccessShareLock,t
1441137595.9946,pg_stat_all_tables,127938,AccessShareLock,t
1441137595.9946,pg_statio_all_tables,127938,AccessShareLock,t
1441137655.9373,lineitem,127169,RowExclusiveLock,t
1441137655.9373,pg_index,127956,AccessShareLock,t
1441137655.9373,pg_locks,127955,AccessShareLock,t
1441137655.9373,pg_stat_activity,127957,AccessShareLock,t
1441137655.9373,pg_stat_all_indexes,127959,AccessShareLock,t
1441137655.9373,pg_stat_all_tables,127956,AccessShareLock,t
1441137655.9373,pg_stat_database,127958,AccessShareLock,t
1441137655.9373,pg_statio_all_indexes,127959,AccessShareLock,t
1441137655.9373,pg_statio_all_tables,127956,AccessShareLock,t
1441137715.97953,lineitem,127169,RowExclusiveLock,t
1441137715.97953,pg_locks,127989,AccessShareLock,t
1441137775.97572,lineitem,127169,RowExclusiveLock,t
1441137775.97572,pg_index,128006,AccessShareLock,t
1441137775.97572,pg_locks,128005,AccessShareLock,t
1441137775.97572,pg_namespace,128006,AccessShareLock,t
1441137775.97572,pg_stat_all_indexes,128006,AccessShareLock,t
1441137775.97572,pg_statio_all_indexes,128006,AccessShareLock,t
1441137835.98901,lineitem,127169,ExclusiveLock,t
1441137835.98901,lineitem,127169,RowExclusiveLock,t
1441137835.98901,pg_index,128021,AccessShareLock,t
1441137835.98901,pg_locks,128017,AccessShareLock,t
1441137835.98901,pg_namespace,128021,AccessShareLock,t
1441137835.98901,pg_stat_activity,128018,AccessShareLock,t
1441137835.98901,pg_stat_all_indexes,128021,AccessShareLock,t
1441137835.98901,pg_stat_all_tables,128019,AccessShareLock,t
1441137835.98901,pg_stat_database,128020,AccessShareLock,t
1441137835.98901,pg_statio_all_indexes,128021,AccessShareLock,t
1441137835.98901,pg_statio_all_tables,128019,AccessShareLock,t
1441137895.99358,lineitem,127169,RowExclusiveLock,t
1441137895.99358,pg_index,128031,AccessShareLock,t
1441137895.99358,pg_index,128032,AccessShareLock,t
1441137895.99358,pg_locks,128033,AccessShareLock,t
1441137895.99358,pg_namespace,128032,AccessShareLock,t
1441137895.99358,pg_stat_activity,128030,AccessShareLock,t
1441137895.99358,pg_stat_all_indexes,128032,AccessShareLock,t
1441137895.99358,pg_stat_all_tables,128031,AccessShareLock,t
1441137895.99358,pg_stat_database,128034,AccessShareLock,t
1441137895.99358,pg_statio_all_indexes,128032,AccessShareLock,t
1441137895.99358,pg_statio_all_tables,128031,AccessShareLock,t
1441137955.94635,lineitem,128044,ShareLock,f
1441137955.94635,lineitem,128046,ShareLock,t
1441137955.94635,lineitem,128047,ShareLock,t
1441137955.94635,lineitem,128045,AccessExclusiveLock,f
1441137955.94635,lineitem,128050,ShareLock,t
1441137955.94635,lineitem,128043,ShareLock,t
1441137955.94635,lineitem,128049,ShareLock,t
1441137955.94635,lineitem,128048,ShareLock,f
1441137955.94635,pg_index,128063,AccessShareLock,t
1441137955.94635,pg_index,128061,AccessShareLock,t
1441137955.94635,pg_index,128059,AccessShareLock,t
1441137955.94635,pg_index_indrelid_index,128059,AccessShareLock,t
1441137955.94635,pg_locks,128060,AccessShareLock,t
1441137955.94635,pg_namespace,128063,AccessShareLock,t
1441137955.94635,pg_namespace,128061,AccessShareLock,t
1441137955.94635,pg_rewrite,128059,AccessShareLock,t
1441137955.94635,pg_rewrite_rel_rulename_index,128059,AccessShareLock,t
1441137955.94635,pg_stat_activity,128059,AccessShareLock,t
1441137955.94635,pg_stat_all_indexes,128063,AccessShareLock,t
1441137955.94635,pg_stat_all_tables,128061,AccessShareLock,t
1441137955.94635,pg_stat_database,128062,AccessShareLock,t
1441137955.94635,pg_statio_all_indexes,128063,AccessShareLock,t
1441137955.94635,pg_statio_all_tables,128061,AccessShareLock,t
1441137955.94635,pg_toast_2618,128059,AccessShareLock,t
1441138015.95165,lineitem,128050,ShareLock,t
1441138015.95165,lineitem,128049,ShareLock,t
1441138015.95165,lineitem,128048,ShareLock,f
1441138015.95165,lineitem,128046,ShareLock,t
1441138015.95165,lineitem,128047,ShareLock,t
1441138015.95165,lineitem,128043,ShareLock,t
1441138015.95165,lineitem,128044,ShareLock,f
1441138015.95165,lineitem,128045,AccessExclusiveLock,f
1441138015.95165,pg_index,128074,AccessShareLock,t
1441138015.95165,pg_index,128075,AccessShareLock,t
1441138015.95165,pg_index_indexrelid_index,128074,AccessShareLock,t
1441138015.95165,pg_index_indexrelid_index,128075,AccessShareLock,t
1441138015.95165,pg_index_indrelid_index,128075,AccessShareLock,t
1441138015.95165,pg_index_indrelid_index,128074,AccessShareLock,t
1441138015.95165,pg_locks,128076,AccessShareLock,t
1441138015.95165,pg_namespace,128074,AccessShareLock,t
1441138015.95165,pg_namespace,128075,AccessShareLock,t
1441138015.95165,pg_namespace_nspname_index,128075,AccessShareLock,t
1441138015.95165,pg_namespace_nspname_index,128074,AccessShareLock,t
1441138015.95165,pg_namespace_oid_index,128074,AccessShareLock,t
1441138015.95165,pg_namespace_oid_index,128075,AccessShareLock,t
1441138015.95165,pg_stat_activity,128072,AccessShareLock,t
1441138015.95165,pg_stat_all_indexes,128075,AccessShareLock,t
1441138015.95165,pg_stat_all_tables,128074,AccessShareLock,t
1441138015.95165,pg_stat_database,128073,AccessShareLock,t
1441138015.95165,pg_statio_all_indexes,128075,AccessShareLock,t
1441138015.95165,pg_statio_all_tables,128074,AccessShareLock,t
1441138075.95882,lineitem,128045,AccessExclusiveLock,f
1441138075.95882,lineitem,128049,ShareLock,t
1441138075.95882,lineitem,128048,ShareLock,f
1441138075.95882,lineitem,128046,ShareLock,t
1441138075.95882,lineitem,128047,ShareLock,t
1441138075.95882,lineitem,128043,ShareLock,t
1441138075.95882,lineitem,128044,ShareLock,f
1441138075.95882,lineitem,128050,ShareLock,t
1441138075.95882,pg_index,128090,AccessShareLock,t
1441138075.95882,pg_index,128088,AccessShareLock,t
1441138075.95882,pg_index_indexrelid_index,128090,AccessShareLock,t
1441138075.95882,pg_index_indexrelid_index,128088,AccessShareLock,t
1441138075.95882,pg_index_indrelid_index,128088,AccessShareLock,t
1441138075.95882,pg_index_indrelid_index,128090,AccessShareLock,t
1441138075.95882,pg_locks,128091,AccessShareLock,t
1441138075.95882,pg_namespace,128090,AccessShareLock,t
1441138075.95882,pg_namespace,128088,AccessShareLock,t
1441138075.95882,pg_namespace_nspname_index,128090,AccessShareLock,t
1441138075.95882,pg_namespace_nspname_index,128088,AccessShareLock,t
1441138075.95882,pg_namespace_oid_index,128090,AccessShareLock,t
1441138075.95882,pg_namespace_oid_index,128088,AccessShareLock,t
1441138075.95882,pg_stat_all_indexes,128088,AccessShareLock,t
1441138075.95882,pg_stat_all_tables,128090,AccessShareLock,t
1441138075.95882,pg_stat_database,128089,AccessShareLock,t
1441138075.95882,pg_statio_all_indexes,128088,AccessShareLock,t
1441138075.95882,pg_statio_all_tables,128090,AccessShareLock,t
1441138135.95564,lineitem,128050,ShareLock,t
1441138135.95564,lineitem,128048,ShareLock,f
1441138135.95564,lineitem,128046,ShareLock,t
1441138135.95564,lineitem,128047,ShareLock,t
1441138135.95564,lineitem,128043,ShareLock,t
1441138135.95564,lineitem,128045,AccessExclusiveLock,f
1441138135.95564,lineitem,128044,ShareLock,f
1441138135.95564,lineitem,128049,ShareLock,t
1441138135.95564,pg_amop,128103,AccessShareLock,t
1441138135.95564,pg_amop_fam_strat_index,128103,AccessShareLock,t
1441138135.95564,pg_index,128103,AccessShareLock,t
1441138135.95564,pg_index_indexrelid_index,128103,AccessShareLock,t
1441138135.95564,pg_index_indrelid_index,128103,AccessShareLock,t
1441138135.95564,pg_locks,128102,AccessShareLock,t
1441138135.95564,pg_namespace,128103,AccessShareLock,t
1441138135.95564,pg_namespace_nspname_index,128103,AccessShareLock,t
1441138135.95564,pg_namespace_oid_index,128103,AccessShareLock,t
1441138135.95564,pg_stat_activity,128101,AccessShareLock,t
1441138135.95564,pg_stat_all_indexes,128103,AccessShareLock,t
1441138135.95564,pg_stat_all_tables,128105,AccessShareLock,t
1441138135.95564,pg_stat_database,128104,AccessShareLock,t
1441138135.95564,pg_statio_all_indexes,128103,AccessShareLock,t
1441138135.95564,pg_statio_all_tables,128105,AccessShareLock,t
1441138195.95745,lineitem,128050,ShareLock,t
1441138195.95745,lineitem,128049,ShareLock,t
1441138195.95745,lineitem,128044,ShareLock,f
1441138195.95745,lineitem,128048,ShareLock,f
1441138195.95745,lineitem,128046,ShareLock,t
1441138195.95745,lineitem,128047,ShareLock,t
1441138195.95745,lineitem,128043,ShareLock,t
1441138195.95745,lineitem,128045,AccessExclusiveLock,f
1441138195.95745,pg_locks,128116,AccessShareLock,t
1441138195.95745,pg_rewrite,128119,AccessShareLock,t
1441138195.95745,pg_rewrite,128117,AccessShareLock,t
1441138195.95745,pg_rewrite_rel_rulename_index,128119,AccessShareLock,t
1441138195.95745,pg_rewrite_rel_rulename_index,128117,AccessShareLock,t
1441138195.95745,pg_stat_activity,128115,AccessShareLock,t
1441138195.95745,pg_stat_all_indexes,128119,AccessShareLock,t
1441138195.95745,pg_stat_database,128118,AccessShareLock,t
1441138195.95745,pg_statio_all_tables,128117,AccessShareLock,t
1441138255.96147,lineitem,128044,ShareLock,f
1441138255.96147,lineitem,128050,ShareLock,t
1441138255.96147,lineitem,128043,ShareLock,t
1441138255.96147,lineitem,128049,ShareLock,t
1441138255.96147,lineitem,128048,ShareLock,f
1441138255.96147,lineitem,128046,ShareLock,t
1441138255.96147,lineitem,128047,ShareLock,t
1441138255.96147,lineitem,128045,AccessExclusiveLock,f
1441138255.96147,pg_index,128136,AccessShareLock,t
1441138255.96147,pg_locks,128137,AccessShareLock,t
1441138255.96147,pg_namespace,128136,AccessShareLock,t
1441138255.96147,pg_operator,128136,AccessShareLock,t
1441138255.96147,pg_rewrite,128139,AccessShareLock,t
1441138255.96147,pg_rewrite_rel_rulename_index,128139,AccessShareLock,t
1441138255.96147,pg_stat_activity,128135,AccessShareLock,t
1441138255.96147,pg_stat_all_indexes,128136,AccessShareLock,t
1441138255.96147,pg_stat_database,128138,AccessShareLock,t
1441138255.96147,pg_statio_all_indexes,128136,AccessShareLock,t
1441138255.96147,pg_statio_all_tables,128139,AccessShareLock,t
1441138315.96179,lineitem,128050,ShareLock,t
1441138315.96179,lineitem,128044,ShareLock,f
1441138315.96179,lineitem,128045,AccessExclusiveLock,f
1441138315.96179,lineitem,128049,ShareLock,t
1441138315.96179,lineitem,128048,ShareLock,f
1441138315.96179,lineitem,128046,ShareLock,t
1441138315.96179,lineitem,128047,ShareLock,t
1441138315.96179,lineitem,128043,ShareLock,t
1441138315.96179,pg_index,128151,AccessShareLock,t
1441138315.96179,pg_index_indexrelid_index,128151,AccessShareLock,t
1441138315.96179,pg_index_indrelid_index,128151,AccessShareLock,t
1441138315.96179,pg_locks,128149,AccessShareLock,t
1441138315.96179,pg_namespace,128151,AccessShareLock,t
1441138315.96179,pg_namespace_nspname_index,128151,AccessShareLock,t
1441138315.96179,pg_namespace_oid_index,128151,AccessShareLock,t
1441138315.96179,pg_stat_all_indexes,128152,AccessShareLock,t
1441138315.96179,pg_stat_all_tables,128151,AccessShareLock,t
1441138315.96179,pg_stat_database,128148,AccessShareLock,t
1441138315.96179,pg_statio_all_indexes,128152,AccessShareLock,t
1441138315.96179,pg_statio_all_tables,128151,AccessShareLock,t
1441138375.96609,lineitem,128050,ShareLock,t
1441138375.96609,lineitem,128043,ShareLock,t
1441138375.96609,lineitem,128044,ShareLock,f
1441138375.96609,lineitem,128045,AccessExclusiveLock,f
1441138375.96609,lineitem,128049,ShareLock,t
1441138375.96609,lineitem,128048,ShareLock,f
1441138375.96609,lineitem,128046,ShareLock,t
1441138375.96609,lineitem,128047,ShareLock,t
1441138375.96609,pg_index,128163,AccessShareLock,t
1441138375.96609,pg_index,128164,AccessShareLock,t
1441138375.96609,pg_index_indexrelid_index,128164,AccessShareLock,t
1441138375.96609,pg_index_indrelid_index,128164,AccessShareLock,t
1441138375.96609,pg_locks,128167,AccessShareLock,t
1441138375.96609,pg_namespace,128164,AccessShareLock,t
1441138375.96609,pg_namespace_nspname_index,128164,AccessShareLock,t
1441138375.96609,pg_namespace_oid_index,128164,AccessShareLock,t
1441138375.96609,pg_stat_activity,128166,AccessShareLock,t
1441138375.96609,pg_stat_all_indexes,128163,AccessShareLock,t
1441138375.96609,pg_stat_all_tables,128164,AccessShareLock,t
1441138375.96609,pg_stat_database,128165,AccessShareLock,t
1441138375.96609,pg_statio_all_indexes,128163,AccessShareLock,t
1441138375.96609,pg_statio_all_tables,128164,AccessShareLock,t
1441138435.96676,lineitem,128045,AccessExclusiveLock,f
1441138435.96676,lineitem,128049,ShareLock,t
1441138435.96676,lineitem,128050,ShareLock,t
1441138435.96676,lineitem,128048,ShareLock,f
1441138435.96676,lineitem,128046,ShareLock,t
1441138435.96676,lineitem,128047,ShareLock,t
1441138435.96676,lineitem,128043,ShareLock,t
1441138435.96676,lineitem,128044,ShareLock,f
1441138435.96676,pg_locks,128177,AccessShareLock,t
1441138435.96676,pg_rewrite,128178,AccessShareLock,t
1441138435.96676,pg_rewrite,128179,AccessShareLock,t
1441138435.96676,pg_rewrite_rel_rulename_index,128178,AccessShareLock,t
1441138435.96676,pg_rewrite_rel_rulename_index,128179,AccessShareLock,t
1441138435.96676,pg_stat_activity,128176,AccessShareLock,t
1441138435.96676,pg_stat_all_indexes,128178,AccessShareLock,t
1441138435.96676,pg_stat_database,128180,AccessShareLock,t
1441138435.96676,pg_statio_all_indexes,128178,AccessShareLock,t
1441138435.96676,pg_statio_all_tables,128179,AccessShareLock,t
1441138495.9679,lineitem,128050,ShareLock,t
1441138495.9679,lineitem,128049,ShareLock,t
1441138495.9679,lineitem,128044,ShareLock,f
1441138495.9679,lineitem,128048,ShareLock,f
1441138495.9679,lineitem,128046,ShareLock,t
1441138495.9679,lineitem,128047,ShareLock,t
1441138495.9679,lineitem,128043,ShareLock,t
1441138495.9679,lineitem,128045,AccessExclusiveLock,f
1441138495.9679,pg_locks,128189,AccessShareLock,t
1441138495.9679,pg_rewrite,128192,AccessShareLock,t
1441138495.9679,pg_rewrite,128193,AccessShareLock,t
1441138495.9679,pg_rewrite_rel_rulename_index,128192,AccessShareLock,t
1441138495.9679,pg_rewrite_rel_rulename_index,128193,AccessShareLock,t
1441138495.9679,pg_stat_activity,128190,AccessShareLock,t
1441138495.9679,pg_stat_all_indexes,128193,AccessShareLock,t
1441138495.9679,pg_stat_database,128191,AccessShareLock,t
1441138495.9679,pg_statio_all_tables,128192,AccessShareLock,t
1441138555.97659,lineitem,128050,ShareLock,t
1441138555.97659,lineitem,128044,ShareLock,f
1441138555.97659,lineitem,128049,ShareLock,t
1441138555.97659,lineitem,128048,ShareLock,f
1441138555.97659,lineitem,128046,ShareLock,t
1441138555.97659,lineitem,128047,ShareLock,t
1441138555.97659,lineitem,128043,ShareLock,t
1441138555.97659,lineitem,128045,AccessExclusiveLock,f
1441138555.97659,pg_locks,128203,AccessShareLock,t
1441138555.97659,pg_rewrite,128206,AccessShareLock,t
1441138555.97659,pg_rewrite_rel_rulename_index,128206,AccessShareLock,t
1441138555.97659,pg_stat_activity,128205,AccessShareLock,t
1441138555.97659,pg_stat_all_indexes,128206,AccessShareLock,t
1441138555.97659,pg_stat_all_tables,128202,AccessShareLock,t
1441138555.97659,pg_stat_database,128204,AccessShareLock,t
1441138555.97659,pg_statio_all_tables,128202,AccessShareLock,t
1441138615.97428,lineitem,128044,ShareLock,f
1441138615.97428,lineitem,128050,ShareLock,t
1441138615.97428,lineitem,128043,ShareLock,t
1441138615.97428,lineitem,128049,ShareLock,t
1441138615.97428,lineitem,128048,ShareLock,f
1441138615.97428,lineitem,128046,ShareLock,t
1441138615.97428,lineitem,128047,ShareLock,t
1441138615.97428,lineitem,128045,AccessExclusiveLock,f
1441138615.97428,pg_index,128217,AccessShareLock,t
1441138615.97428,pg_locks,128216,AccessShareLock,t
1441138615.97428,pg_rewrite,128218,AccessShareLock,t
1441138615.97428,pg_rewrite_rel_rulename_index,128218,AccessShareLock,t
1441138615.97428,pg_stat_activity,128215,AccessShareLock,t
1441138615.97428,pg_stat_all_indexes,128217,AccessShareLock,t
1441138615.97428,pg_stat_database,128219,AccessShareLock,t
1441138615.97428,pg_statio_all_indexes,128217,AccessShareLock,t
1441138615.97428,pg_statio_all_tables,128218,AccessShareLock,t
1441138675.97732,lineitem,128045,AccessExclusiveLock,f
1441138675.97732,lineitem,128050,ShareLock,t
1441138675.97732,lineitem,128048,ShareLock,f
1441138675.97732,lineitem,128046,ShareLock,t
1441138675.97732,lineitem,128047,ShareLock,t
1441138675.97732,lineitem,128043,ShareLock,t
1441138675.97732,lineitem,128044,ShareLock,f
1441138675.97732,pg_index,128230,AccessShareLock,t
1441138675.97732,pg_locks,128231,AccessShareLock,t
1441138675.97732,pg_namespace,128230,AccessShareLock,t
1441138675.97732,pg_stat_activity,128229,AccessShareLock,t
1441138675.97732,pg_stat_all_indexes,128230,AccessShareLock,t
1441138675.97732,pg_stat_all_tables,128233,AccessShareLock,t
1441138675.97732,pg_stat_database,128232,AccessShareLock,t
1441138675.97732,pg_statio_all_indexes,128230,AccessShareLock,t
1441138675.97732,pg_statio_all_tables,128233,AccessShareLock,t
1441138735.97828,lineitem,128050,ShareLock,t
1441138735.97828,lineitem,128044,ShareLock,f
1441138735.97828,lineitem,128045,AccessExclusiveLock,f
1441138735.97828,lineitem,128048,ShareLock,f
1441138735.97828,lineitem,128046,ShareLock,t
1441138735.97828,lineitem,128047,ShareLock,t
1441138735.97828,pg_index,128244,AccessShareLock,t
1441138735.97828,pg_locks,128245,AccessShareLock,t
1441138735.97828,pg_namespace,128244,AccessShareLock,t
1441138735.97828,pg_rewrite,128248,AccessShareLock,t
1441138735.97828,pg_rewrite_rel_rulename_index,128248,AccessShareLock,t
1441138735.97828,pg_stat_activity,128247,AccessShareLock,t
1441138735.97828,pg_stat_all_indexes,128244,AccessShareLock,t
1441138735.97828,pg_stat_all_tables,128248,AccessShareLock,t
1441138735.97828,pg_stat_database,128246,AccessShareLock,t
1441138735.97828,pg_statio_all_indexes,128244,AccessShareLock,t
1441138735.97828,pg_statio_all_tables,128248,AccessShareLock,t
1441138795.97978,lineitem,128045,AccessExclusiveLock,f
1441138795.97978,lineitem,128048,ShareLock,f
1441138795.97978,lineitem,128046,ShareLock,t
1441138795.97978,lineitem,128047,ShareLock,t
1441138795.97978,lineitem,128044,ShareLock,f
1441138795.97978,pg_index,128261,AccessShareLock,t
1441138795.97978,pg_index,128258,AccessShareLock,t
1441138795.97978,pg_locks,128257,AccessShareLock,t
1441138795.97978,pg_stat_activity,128260,AccessShareLock,t
1441138795.97978,pg_stat_all_indexes,128261,AccessShareLock,t
1441138795.97978,pg_stat_all_tables,128258,AccessShareLock,t
1441138795.97978,pg_stat_database,128259,AccessShareLock,t
1441138795.97978,pg_statio_all_indexes,128261,AccessShareLock,t
1441138795.97978,pg_statio_all_tables,128258,AccessShareLock,t
1441138855.98155,lineitem,128045,AccessExclusiveLock,f
1441138855.98155,lineitem,128048,ShareLock,f
1441138855.98155,lineitem,128046,ShareLock,t
1441138855.98155,lineitem,128047,ShareLock,t
1441138855.98155,lineitem,128044,ShareLock,f
1441138855.98155,pg_locks,128279,AccessShareLock,t
1441138855.98155,pg_stat_activity,128278,AccessShareLock,t
1441138855.98155,pg_stat_all_indexes,128282,AccessShareLock,t
1441138855.98155,pg_stat_all_tables,128281,AccessShareLock,t
1441138855.98155,pg_stat_database,128280,AccessShareLock,t
1441138855.98155,pg_statio_all_indexes,128282,AccessShareLock,t
1441138855.98155,pg_statio_all_tables,128281,AccessShareLock,t
1441138915.98334,lineitem,128045,AccessExclusiveLock,f
1441138915.98334,lineitem,128048,ShareLock,f
1441138915.98334,lineitem,128046,ShareLock,t
1441138915.98334,lineitem,128047,ShareLock,t
1441138915.98334,lineitem,128044,ShareLock,f
1441138915.98334,pg_cast,128295,AccessShareLock,t
1441138915.98334,pg_cast_source_target_index,128295,AccessShareLock,t
1441138915.98334,pg_locks,128291,AccessShareLock,t
1441138915.98334,pg_stat_activity,128294,AccessShareLock,t
1441138915.98334,pg_stat_all_indexes,128295,AccessShareLock,t
1441138915.98334,pg_stat_all_tables,128293,AccessShareLock,t
1441138915.98334,pg_stat_database,128292,AccessShareLock,t
1441138915.98334,pg_statio_all_indexes,128295,AccessShareLock,t
1441138915.98334,pg_statio_all_tables,128293,AccessShareLock,t
1441138975.98515,lineitem,128045,AccessExclusiveLock,f
1441138975.98515,lineitem,128048,ShareLock,f
1441138975.98515,lineitem,128046,ShareLock,t
1441138975.98515,lineitem,128047,ShareLock,t
1441138975.98515,lineitem,128044,ShareLock,f
1441138975.98515,pg_index,128304,AccessShareLock,t
1441138975.98515,pg_locks,128306,AccessShareLock,t
1441138975.98515,pg_namespace,128304,AccessShareLock,t
1441138975.98515,pg_stat_activity,128305,AccessShareLock,t
1441138975.98515,pg_stat_all_indexes,128304,AccessShareLock,t
1441138975.98515,pg_stat_all_tables,128308,AccessShareLock,t
1441138975.98515,pg_stat_database,128307,AccessShareLock,t
1441138975.98515,pg_statio_all_indexes,128304,AccessShareLock,t
1441138975.98515,pg_statio_all_tables,128308,AccessShareLock,t
1441139035.98677,lineitem,128045,AccessExclusiveLock,f
1441139035.98677,lineitem,128048,ShareLock,f
1441139035.98677,lineitem,128046,ShareLock,t
1441139035.98677,lineitem,128047,ShareLock,t
1441139035.98677,lineitem,128044,ShareLock,f
1441139035.98677,pg_index,128324,AccessShareLock,t
1441139035.98677,pg_index,128322,AccessShareLock,t
1441139035.98677,pg_locks,128320,AccessShareLock,t
1441139035.98677,pg_stat_activity,128321,AccessShareLock,t
1441139035.98677,pg_stat_all_indexes,128324,AccessShareLock,t
1441139035.98677,pg_stat_all_tables,128322,AccessShareLock,t
1441139035.98677,pg_stat_database,128323,AccessShareLock,t
1441139035.98677,pg_statio_all_indexes,128324,AccessShareLock,t
1441139035.98677,pg_statio_all_tables,128322,AccessShareLock,t
1441139095.98842,lineitem,128045,AccessExclusiveLock,f
1441139095.98842,lineitem,128048,ShareLock,f
1441139095.98842,lineitem,128046,ShareLock,t
1441139095.98842,lineitem,128047,ShareLock,t
1441139095.98842,lineitem,128044,ShareLock,f
1441139095.98842,pg_index,128335,AccessShareLock,t
1441139095.98842,pg_locks,128334,AccessShareLock,t
1441139095.98842,pg_stat_activity,128333,AccessShareLock,t
1441139095.98842,pg_stat_all_indexes,128337,AccessShareLock,t
1441139095.98842,pg_stat_all_tables,128335,AccessShareLock,t
1441139095.98842,pg_stat_database,128336,AccessShareLock,t
1441139095.98842,pg_statio_all_indexes,128337,AccessShareLock,t
1441139095.98842,pg_statio_all_tables,128335,AccessShareLock,t
1441139155.99068,lineitem,128048,ShareLock,f
1441139155.99068,lineitem,128047,ShareLock,t
1441139155.99068,lineitem,128044,ShareLock,f
1441139155.99068,lineitem,128045,AccessExclusiveLock,f
1441139155.99068,lineitem,128046,ShareLock,t
1441139155.99068,pg_index,128347,AccessShareLock,t
1441139155.99068,pg_index,128350,AccessShareLock,t
1441139155.99068,pg_locks,128348,AccessShareLock,t
1441139155.99068,pg_namespace,128347,AccessShareLock,t
1441139155.99068,pg_stat_activity,128349,AccessShareLock,t
1441139155.99068,pg_stat_all_indexes,128347,AccessShareLock,t
1441139155.99068,pg_stat_all_tables,128350,AccessShareLock,t
1441139155.99068,pg_stat_database,128346,AccessShareLock,t
1441139155.99068,pg_statio_all_indexes,128347,AccessShareLock,t
1441139155.99068,pg_statio_all_tables,128350,AccessShareLock,t
1441139215.99303,lineitem,128045,AccessExclusiveLock,f
1441139215.99303,lineitem,128048,ShareLock,f
1441139215.99303,lineitem,128046,ShareLock,t
1441139215.99303,lineitem,128047,ShareLock,t
1441139215.99303,lineitem,128044,ShareLock,f
1441139215.99303,pg_index,128359,AccessShareLock,t
1441139215.99303,pg_index,128360,AccessShareLock,t
1441139215.99303,pg_index_indexrelid_index,128359,AccessShareLock,t
1441139215.99303,pg_index_indrelid_index,128359,AccessShareLock,t
1441139215.99303,pg_locks,128363,AccessShareLock,t
1441139215.99303,pg_namespace,128360,AccessShareLock,t
1441139215.99303,pg_namespace,128359,AccessShareLock,t
1441139215.99303,pg_namespace_nspname_index,128359,AccessShareLock,t
1441139215.99303,pg_namespace_oid_index,128359,AccessShareLock,t
1441139215.99303,pg_stat_activity,128361,AccessShareLock,t
1441139215.99303,pg_stat_all_indexes,128359,AccessShareLock,t
1441139215.99303,pg_stat_all_tables,128360,AccessShareLock,t
1441139215.99303,pg_stat_database,128362,AccessShareLock,t
1441139215.99303,pg_statio_all_indexes,128359,AccessShareLock,t
1441139215.99303,pg_statio_all_tables,128360,AccessShareLock,t
1441139275.99413,lineitem,128045,AccessExclusiveLock,f
1441139275.99413,lineitem,128048,ShareLock,f
1441139275.99413,lineitem,128046,ShareLock,t
1441139275.99413,lineitem,128047,ShareLock,t
1441139275.99413,lineitem,128044,ShareLock,f
1441139275.99413,pg_amproc,128372,AccessShareLock,t
1441139275.99413,pg_amproc_fam_proc_index,128372,AccessShareLock,t
1441139275.99413,pg_index,128374,AccessShareLock,t
1441139275.99413,pg_index,128375,AccessShareLock,t
1441139275.99413,pg_locks,128373,AccessShareLock,t
1441139275.99413,pg_stat_activity,128372,AccessShareLock,t
1441139275.99413,pg_stat_all_indexes,128375,AccessShareLock,t
1441139275.99413,pg_stat_all_tables,128374,AccessShareLock,t
1441139275.99413,pg_stat_database,128376,AccessShareLock,t
1441139275.99413,pg_statio_all_indexes,128375,AccessShareLock,t
1441139275.99413,pg_statio_all_tables,128374,AccessShareLock,t
1441139335.99594,lineitem,128045,AccessExclusiveLock,f
1441139335.99594,lineitem,128048,ShareLock,f
1441139335.99594,lineitem,128046,ShareLock,t
1441139335.99594,lineitem,128047,ShareLock,t
1441139335.99594,lineitem,128044,ShareLock,f
1441139335.99594,pg_index,128388,AccessShareLock,t
1441139335.99594,pg_locks,128386,AccessShareLock,t
1441139335.99594,pg_namespace,128388,AccessShareLock,t
1441139335.99594,pg_stat_activity,128385,AccessShareLock,t
1441139335.99594,pg_stat_all_indexes,128388,AccessShareLock,t
1441139335.99594,pg_stat_all_tables,128389,AccessShareLock,t
1441139335.99594,pg_stat_database,128387,AccessShareLock,t
1441139335.99594,pg_statio_all_indexes,128388,AccessShareLock,t
1441139335.99594,pg_statio_all_tables,128389,AccessShareLock,t
1441139395.99772,lineitem,128045,AccessExclusiveLock,f
1441139395.99772,lineitem,128048,ShareLock,f
1441139395.99772,lineitem,128046,ShareLock,t
1441139395.99772,lineitem,128047,ShareLock,t
1441139395.99772,lineitem,128044,ShareLock,f
1441139395.99772,pg_index,128398,AccessShareLock,t
1441139395.99772,pg_locks,128401,AccessShareLock,t
1441139395.99772,pg_stat_activity,128400,AccessShareLock,t
1441139395.99772,pg_stat_all_indexes,128402,AccessShareLock,t
1441139395.99772,pg_stat_all_tables,128398,AccessShareLock,t
1441139395.99772,pg_stat_database,128399,AccessShareLock,t
1441139395.99772,pg_statio_all_indexes,128402,AccessShareLock,t
1441139395.99772,pg_statio_all_tables,128398,AccessShareLock,t
1441139455.99954,lineitem,128048,ShareLock,f
1441139455.99954,lineitem,128047,ShareLock,t
1441139455.99954,lineitem,128044,ShareLock,f
1441139455.99954,lineitem,128045,AccessExclusiveLock,f
1441139455.99954,lineitem,128046,ShareLock,t
1441139455.99954,pg_index,128421,AccessShareLock,t
1441139455.99954,pg_index,128423,AccessShareLock,t
1441139455.99954,pg_locks,128422,AccessShareLock,t
1441139455.99954,pg_namespace,128421,AccessShareLock,t
1441139455.99954,pg_stat_activity,128420,AccessShareLock,t
1441139455.99954,pg_stat_all_indexes,128423,AccessShareLock,t
1441139455.99954,pg_stat_all_tables,128421,AccessShareLock,t
1441139455.99954,pg_stat_database,128419,AccessShareLock,t
1441139455.99954,pg_statio_all_indexes,128423,AccessShareLock,t
1441139455.99954,pg_statio_all_tables,128421,AccessShareLock,t
1441139516.00106,lineitem,128045,AccessExclusiveLock,f
1441139516.00106,lineitem,128048,ShareLock,f
1441139516.00106,lineitem,128046,ShareLock,t
1441139516.00106,lineitem,128047,ShareLock,t
1441139516.00106,lineitem,128044,ShareLock,f
1441139516.00106,pg_index,128435,AccessShareLock,t
1441139516.00106,pg_index,128432,AccessShareLock,t
1441139516.00106,pg_locks,128433,AccessShareLock,t
1441139516.00106,pg_stat_activity,128434,AccessShareLock,t
1441139516.00106,pg_stat_all_indexes,128435,AccessShareLock,t
1441139516.00106,pg_stat_all_tables,128432,AccessShareLock,t
1441139516.00106,pg_stat_database,128436,AccessShareLock,t
1441139516.00106,pg_statio_all_indexes,128435,AccessShareLock,t
1441139516.00106,pg_statio_all_tables,128432,AccessShareLock,t
1441139576.00293,lineitem,128048,ShareLock,f
1441139576.00293,lineitem,128047,ShareLock,t
1441139576.00293,lineitem,128045,AccessExclusiveLock,f
1441139576.00293,lineitem,128044,ShareLock,f
1441139576.00293,lineitem,128046,ShareLock,t
1441139576.00293,pg_index,128449,AccessShareLock,t
1441139576.00293,pg_index,128447,AccessShareLock,t
1441139576.00293,pg_locks,128448,AccessShareLock,t
1441139576.00293,pg_namespace,128449,AccessShareLock,t
1441139576.00293,pg_stat_all_indexes,128447,AccessShareLock,t
1441139576.00293,pg_stat_all_tables,128449,AccessShareLock,t
1441139576.00293,pg_stat_database,128446,AccessShareLock,t
1441139576.00293,pg_statio_all_indexes,128447,AccessShareLock,t
1441139576.00293,pg_statio_all_tables,128449,AccessShareLock,t
1441139636.00565,lineitem,128045,AccessExclusiveLock,f
1441139636.00565,lineitem,128048,ShareLock,f
1441139636.00565,lineitem,128046,ShareLock,t
1441139636.00565,lineitem,128047,ShareLock,t
1441139636.00565,lineitem,128044,ShareLock,f
1441139636.00565,pg_index,128462,AccessShareLock,t
1441139636.00565,pg_index,128460,AccessShareLock,t
1441139636.00565,pg_index_indexrelid_index,128462,AccessShareLock,t
1441139636.00565,pg_index_indexrelid_index,128460,AccessShareLock,t
1441139636.00565,pg_index_indrelid_index,128460,AccessShareLock,t
1441139636.00565,pg_index_indrelid_index,128462,AccessShareLock,t
1441139636.00565,pg_locks,128459,AccessShareLock,t
1441139636.00565,pg_namespace,128460,AccessShareLock,t
1441139636.00565,pg_namespace,128462,AccessShareLock,t
1441139636.00565,pg_namespace_nspname_index,128460,AccessShareLock,t
1441139636.00565,pg_namespace_nspname_index,128462,AccessShareLock,t
1441139636.00565,pg_namespace_oid_index,128460,AccessShareLock,t
1441139636.00565,pg_namespace_oid_index,128462,AccessShareLock,t
1441139636.00565,pg_stat_all_indexes,128462,AccessShareLock,t
1441139636.00565,pg_stat_all_tables,128460,AccessShareLock,t
1441139636.00565,pg_stat_database,128458,AccessShareLock,t
1441139636.00565,pg_statio_all_indexes,128462,AccessShareLock,t
1441139636.00565,pg_statio_all_tables,128460,AccessShareLock,t
1441139696.00645,lineitem,128048,ShareLock,f
1441139696.00645,lineitem,128047,ShareLock,t
1441139696.00645,lineitem,128044,ShareLock,f
1441139696.00645,lineitem,128045,AccessExclusiveLock,f
1441139696.00645,lineitem,128046,ShareLock,t
1441139696.00645,pg_index,128472,AccessShareLock,t
1441139696.00645,pg_index,128475,AccessShareLock,t
1441139696.00645,pg_locks,128473,AccessShareLock,t
1441139696.00645,pg_namespace,128472,AccessShareLock,t
1441139696.00645,pg_namespace,128475,AccessShareLock,t
1441139696.00645,pg_stat_activity,128476,AccessShareLock,t
1441139696.00645,pg_stat_all_indexes,128475,AccessShareLock,t
1441139696.00645,pg_stat_all_tables,128472,AccessShareLock,t
1441139696.00645,pg_stat_database,128474,AccessShareLock,t
1441139696.00645,pg_statio_all_indexes,128475,AccessShareLock,t
1441139696.00645,pg_statio_all_tables,128472,AccessShareLock,t
1441139756.00849,lineitem,128048,ShareLock,f
1441139756.00849,lineitem,128047,ShareLock,t
1441139756.00849,lineitem,128044,ShareLock,f
1441139756.00849,lineitem,128045,AccessExclusiveLock,f
1441139756.00849,lineitem,128046,ShareLock,t
1441139756.00849,pg_index,128489,AccessShareLock,t
1441139756.00849,pg_index,128488,AccessShareLock,t
1441139756.00849,pg_locks,128485,AccessShareLock,t
1441139756.00849,pg_namespace,128489,AccessShareLock,t
1441139756.00849,pg_stat_activity,128486,AccessShareLock,t
1441139756.00849,pg_stat_all_indexes,128489,AccessShareLock,t
1441139756.00849,pg_stat_all_tables,128488,AccessShareLock,t
1441139756.00849,pg_stat_database,128487,AccessShareLock,t
1441139756.00849,pg_statio_all_indexes,128489,AccessShareLock,t
1441139756.00849,pg_statio_all_tables,128488,AccessShareLock,t
1441139816.01105,lineitem,128048,ShareLock,f
1441139816.01105,lineitem,128047,ShareLock,t
1441139816.01105,lineitem,128044,ShareLock,f
1441139816.01105,lineitem,128045,AccessExclusiveLock,f
1441139816.01105,lineitem,128046,ShareLock,t
1441139816.01105,pg_index,128505,AccessShareLock,t
1441139816.01105,pg_index,128502,AccessShareLock,t
1441139816.01105,pg_locks,128501,AccessShareLock,t
1441139816.01105,pg_namespace,128505,AccessShareLock,t
1441139816.01105,pg_stat_activity,128503,AccessShareLock,t
1441139816.01105,pg_stat_all_indexes,128505,AccessShareLock,t
1441139816.01105,pg_stat_all_tables,128502,AccessShareLock,t
1441139816.01105,pg_stat_database,128504,AccessShareLock,t
1441139816.01105,pg_statio_all_indexes,128505,AccessShareLock,t
1441139816.01105,pg_statio_all_tables,128502,AccessShareLock,t
1441139876.01422,lineitem,128045,AccessExclusiveLock,f
1441139876.01422,lineitem,128048,ShareLock,f
1441139876.01422,lineitem,128046,ShareLock,t
1441139876.01422,lineitem,128047,ShareLock,t
1441139876.01422,lineitem,128044,ShareLock,f
1441139876.01422,pg_index,128517,AccessShareLock,t
1441139876.01422,pg_index,128514,AccessShareLock,t
1441139876.01422,pg_locks,128515,AccessShareLock,t
1441139876.01422,pg_stat_activity,128518,AccessShareLock,t
1441139876.01422,pg_stat_all_indexes,128517,AccessShareLock,t
1441139876.01422,pg_stat_all_tables,128514,AccessShareLock,t
1441139876.01422,pg_stat_database,128516,AccessShareLock,t
1441139876.01422,pg_statio_all_indexes,128517,AccessShareLock,t
1441139876.01422,pg_statio_all_tables,128514,AccessShareLock,t
1441139936.01393,lineitem,128045,AccessExclusiveLock,f
1441139936.01393,lineitem,128048,ShareLock,f
1441139936.01393,lineitem,128047,ShareLock,t
1441139936.01393,lineitem,128044,ShareLock,f
1441139936.01393,pg_index,128531,AccessShareLock,t
1441139936.01393,pg_index,128529,AccessShareLock,t
1441139936.01393,pg_index_indexrelid_index,128529,AccessShareLock,t
1441139936.01393,pg_index_indrelid_index,128529,AccessShareLock,t
1441139936.01393,pg_locks,128527,AccessShareLock,t
1441139936.01393,pg_namespace,128529,AccessShareLock,t
1441139936.01393,pg_namespace,128531,AccessShareLock,t
1441139936.01393,pg_namespace_nspname_index,128529,AccessShareLock,t
1441139936.01393,pg_namespace_oid_index,128529,AccessShareLock,t
1441139936.01393,pg_opclass,128529,AccessShareLock,t
1441139936.01393,pg_opclass_am_name_nsp_index,128529,AccessShareLock,t
1441139936.01393,pg_stat_all_indexes,128529,AccessShareLock,t
1441139936.01393,pg_stat_all_tables,128531,AccessShareLock,t
1441139936.01393,pg_stat_database,128528,AccessShareLock,t
1441139936.01393,pg_statio_all_indexes,128529,AccessShareLock,t
1441139936.01393,pg_statio_all_tables,128531,AccessShareLock,t
1441139996.01554,lineitem,128045,AccessExclusiveLock,f
1441139996.01554,lineitem,128048,ShareLock,f
1441139996.01554,lineitem,128047,ShareLock,t
1441139996.01554,lineitem,128044,ShareLock,f
1441139996.01554,pg_amproc,128543,AccessShareLock,t
1441139996.01554,pg_amproc_fam_proc_index,128543,AccessShareLock,t
1441139996.01554,pg_index,128546,AccessShareLock,t
1441139996.01554,pg_locks,128542,AccessShareLock,t
1441139996.01554,pg_stat_activity,128543,AccessShareLock,t
1441139996.01554,pg_stat_all_indexes,128546,AccessShareLock,t
1441139996.01554,pg_stat_all_tables,128545,AccessShareLock,t
1441139996.01554,pg_stat_database,128544,AccessShareLock,t
1441139996.01554,pg_statio_all_indexes,128546,AccessShareLock,t
1441139996.01554,pg_statio_all_tables,128545,AccessShareLock,t
1441140056.01758,lineitem,128045,AccessExclusiveLock,f
1441140056.01758,lineitem,128048,ShareLock,f
1441140056.01758,lineitem,128047,ShareLock,t
1441140056.01758,lineitem,128044,ShareLock,f
1441140056.01758,pg_index,128565,AccessShareLock,t
1441140056.01758,pg_index,128562,AccessShareLock,t
1441140056.01758,pg_locks,128564,AccessShareLock,t
1441140056.01758,pg_namespace,128562,AccessShareLock,t
1441140056.01758,pg_stat_activity,128566,AccessShareLock,t
1441140056.01758,pg_stat_all_indexes,128562,AccessShareLock,t
1441140056.01758,pg_stat_all_tables,128565,AccessShareLock,t
1441140056.01758,pg_stat_database,128563,AccessShareLock,t
1441140056.01758,pg_statio_all_indexes,128562,AccessShareLock,t
1441140056.01758,pg_statio_all_tables,128565,AccessShareLock,t
1441140116.01933,lineitem,128045,AccessExclusiveLock,f
1441140116.01933,lineitem,128048,ShareLock,f
1441140116.01933,lineitem,128047,ShareLock,t
1441140116.01933,lineitem,128044,ShareLock,f
1441140116.01933,pg_index,128575,AccessShareLock,t
1441140116.01933,pg_index,128578,AccessShareLock,t
1441140116.01933,pg_locks,128577,AccessShareLock,t
1441140116.01933,pg_namespace,128578,AccessShareLock,t
1441140116.01933,pg_stat_activity,128579,AccessShareLock,t
1441140116.01933,pg_stat_all_indexes,128578,AccessShareLock,t
1441140116.01933,pg_stat_all_tables,128575,AccessShareLock,t
1441140116.01933,pg_stat_database,128576,AccessShareLock,t
1441140116.01933,pg_statio_all_indexes,128578,AccessShareLock,t
1441140116.01933,pg_statio_all_tables,128575,AccessShareLock,t
1441140176.0212,lineitem,128045,AccessExclusiveLock,f
1441140176.0212,lineitem,128048,ShareLock,f
1441140176.0212,lineitem,128047,ShareLock,t
1441140176.0212,lineitem,128044,ShareLock,f
1441140176.0212,pg_index,128593,AccessShareLock,t
1441140176.0212,pg_locks,128592,AccessShareLock,t
1441140176.0212,pg_stat_activity,128589,AccessShareLock,t
1441140176.0212,pg_stat_all_indexes,128593,AccessShareLock,t
1441140176.0212,pg_stat_all_tables,128591,AccessShareLock,t
1441140176.0212,pg_stat_database,128590,AccessShareLock,t
1441140176.0212,pg_statio_all_indexes,128593,AccessShareLock,t
1441140176.0212,pg_statio_all_tables,128591,AccessShareLock,t
1441140236.02302,lineitem,128045,AccessExclusiveLock,f
1441140236.02302,lineitem,128048,ShareLock,f
1441140236.02302,lineitem,128047,ShareLock,t
1441140236.02302,lineitem,128044,ShareLock,f
1441140236.02302,pg_locks,128603,AccessShareLock,t
1441140236.02302,pg_rewrite,128602,AccessShareLock,t
1441140236.02302,pg_rewrite_rel_rulename_index,128602,AccessShareLock,t
1441140236.02302,pg_stat_activity,128604,AccessShareLock,t
1441140236.02302,pg_stat_all_indexes,128606,AccessShareLock,t
1441140236.02302,pg_stat_all_tables,128602,AccessShareLock,t
1441140236.02302,pg_stat_database,128605,AccessShareLock,t
1441140236.02302,pg_statio_all_indexes,128606,AccessShareLock,t
1441140236.02302,pg_statio_all_tables,128602,AccessShareLock,t
1441140296.02453,lineitem,128045,AccessExclusiveLock,f
1441140296.02453,lineitem,128048,ShareLock,f
1441140296.02453,lineitem,128047,ShareLock,t
1441140296.02453,lineitem,128044,ShareLock,f
1441140296.02453,pg_index,128619,AccessShareLock,t
1441140296.02453,pg_locks,128616,AccessShareLock,t
1441140296.02453,pg_stat_activity,128617,AccessShareLock,t
1441140296.02453,pg_stat_all_indexes,128619,AccessShareLock,t
1441140296.02453,pg_stat_all_tables,128618,AccessShareLock,t
1441140296.02453,pg_stat_database,128615,AccessShareLock,t
1441140296.02453,pg_statio_all_indexes,128619,AccessShareLock,t
1441140296.02453,pg_statio_all_tables,128618,AccessShareLock,t
1441140356.02679,lineitem,128045,AccessExclusiveLock,f
1441140356.02679,lineitem,128048,ShareLock,f
1441140356.02679,lineitem,128047,ShareLock,t
1441140356.02679,lineitem,128044,ShareLock,f
1441140356.02679,pg_index,128630,AccessShareLock,t
1441140356.02679,pg_index,128632,AccessShareLock,t
1441140356.02679,pg_locks,128633,AccessShareLock,t
1441140356.02679,pg_namespace,128630,AccessShareLock,t
1441140356.02679,pg_stat_activity,128631,AccessShareLock,t
1441140356.02679,pg_stat_all_indexes,128630,AccessShareLock,t
1441140356.02679,pg_stat_all_tables,128632,AccessShareLock,t
1441140356.02679,pg_stat_database,128629,AccessShareLock,t
1441140356.02679,pg_statio_all_indexes,128630,AccessShareLock,t
1441140356.02679,pg_statio_all_tables,128632,AccessShareLock,t
1441140416.02826,lineitem,128045,AccessExclusiveLock,f
1441140416.02826,lineitem,128048,ShareLock,f
1441140416.02826,lineitem,128047,ShareLock,t
1441140416.02826,lineitem,128044,ShareLock,f
1441140416.02826,pg_amproc,128643,AccessShareLock,t
1441140416.02826,pg_amproc_fam_proc_index,128643,AccessShareLock,t
1441140416.02826,pg_index,128645,AccessShareLock,t
1441140416.02826,pg_locks,128644,AccessShareLock,t
1441140416.02826,pg_stat_activity,128643,AccessShareLock,t
1441140416.02826,pg_stat_all_indexes,128645,AccessShareLock,t
1441140416.02826,pg_stat_all_tables,128646,AccessShareLock,t
1441140416.02826,pg_stat_database,128642,AccessShareLock,t
1441140416.02826,pg_statio_all_indexes,128645,AccessShareLock,t
1441140416.02826,pg_statio_all_tables,128646,AccessShareLock,t
1441140476.03006,lineitem,128045,AccessExclusiveLock,f
1441140476.03006,lineitem,128048,ShareLock,f
1441140476.03006,lineitem,128047,ShareLock,t
1441140476.03006,lineitem,128044,ShareLock,f
1441140476.03006,pg_index,128658,AccessShareLock,t
1441140476.03006,pg_locks,128657,AccessShareLock,t
1441140476.03006,pg_stat_activity,128659,AccessShareLock,t
1441140476.03006,pg_stat_all_indexes,128658,AccessShareLock,t
1441140476.03006,pg_stat_all_tables,128655,AccessShareLock,t
1441140476.03006,pg_stat_database,128656,AccessShareLock,t
1441140476.03006,pg_statio_all_indexes,128658,AccessShareLock,t
1441140476.03006,pg_statio_all_tables,128655,AccessShareLock,t
1441140536.03185,lineitem,128045,AccessExclusiveLock,f
1441140536.03185,lineitem,128048,ShareLock,f
1441140536.03185,lineitem,128047,ShareLock,t
1441140536.03185,lineitem,128044,ShareLock,f
1441140536.03185,pg_locks,128668,AccessShareLock,t
1441140536.03185,pg_stat_activity,128670,AccessShareLock,t
1441140536.03185,pg_stat_all_indexes,128669,AccessShareLock,t
1441140536.03185,pg_stat_all_tables,128672,AccessShareLock,t
1441140536.03185,pg_stat_database,128671,AccessShareLock,t
1441140536.03185,pg_statio_all_indexes,128669,AccessShareLock,t
1441140536.03185,pg_statio_all_tables,128672,AccessShareLock,t
1441140596.03402,lineitem,128045,AccessExclusiveLock,t
1441140596.03402,lineitem,128048,ShareLock,f
1441140596.03402,lineitem,128044,ShareLock,f
1441140596.03402,lineitem,128045,ShareLock,t
1441140596.03402,pg_index,128685,AccessShareLock,t
1441140596.03402,pg_index,128683,AccessShareLock,t
1441140596.03402,pg_locks,128684,AccessShareLock,t
1441140596.03402,pg_stat_all_indexes,128685,AccessShareLock,t
1441140596.03402,pg_stat_all_tables,128683,AccessShareLock,t
1441140596.03402,pg_stat_database,128681,AccessShareLock,t
1441140596.03402,pg_statio_all_indexes,128685,AccessShareLock,t
1441140596.03402,pg_statio_all_tables,128683,AccessShareLock,t
1441140656.0356,lineitem,128045,AccessExclusiveLock,t
1441140656.0356,lineitem,128048,ShareLock,f
1441140656.0356,lineitem,128044,ShareLock,f
1441140656.0356,lineitem,128045,ShareLock,t
1441140656.0356,pg_index,128706,AccessShareLock,t
1441140656.0356,pg_index,128704,AccessShareLock,t
1441140656.0356,pg_locks,128705,AccessShareLock,t
1441140656.0356,pg_stat_activity,128703,AccessShareLock,t
1441140656.0356,pg_stat_all_indexes,128706,AccessShareLock,t
1441140656.0356,pg_stat_all_tables,128704,AccessShareLock,t
1441140656.0356,pg_stat_database,128702,AccessShareLock,t
1441140656.0356,pg_statio_all_indexes,128706,AccessShareLock,t
1441140656.0356,pg_statio_all_tables,128704,AccessShareLock,t
1441140716.0454,lineitem,128045,AccessExclusiveLock,t
1441140716.0454,lineitem,128048,ShareLock,f
1441140716.0454,lineitem,128044,ShareLock,f
1441140716.0454,lineitem,128045,ShareLock,t
1441140716.0454,pg_index,128719,AccessShareLock,t
1441140716.0454,pg_index,128717,AccessShareLock,t
1441140716.0454,pg_locks,128718,AccessShareLock,t
1441140716.0454,pg_namespace,128717,AccessShareLock,t
1441140716.0454,pg_stat_activity,128715,AccessShareLock,t
1441140716.0454,pg_stat_all_indexes,128717,AccessShareLock,t
1441140716.0454,pg_stat_all_tables,128719,AccessShareLock,t
1441140716.0454,pg_stat_database,128716,AccessShareLock,t
1441140716.0454,pg_statio_all_indexes,128717,AccessShareLock,t
1441140716.0454,pg_statio_all_tables,128719,AccessShareLock,t
1441140776.04399,lineitem,128045,AccessExclusiveLock,t
1441140776.04399,lineitem,128048,ShareLock,f
1441140776.04399,lineitem,128044,ShareLock,f
1441140776.04399,lineitem,128045,ShareLock,t
1441140776.04399,pg_index,128733,AccessShareLock,t
1441140776.04399,pg_locks,128729,AccessShareLock,t
1441140776.04399,pg_stat_activity,128731,AccessShareLock,t
1441140776.04399,pg_stat_all_indexes,128733,AccessShareLock,t
1441140776.04399,pg_stat_all_tables,128730,AccessShareLock,t
1441140776.04399,pg_stat_database,128732,AccessShareLock,t
1441140776.04399,pg_statio_all_indexes,128733,AccessShareLock,t
1441140776.04399,pg_statio_all_tables,128730,AccessShareLock,t
1441140836.04731,lineitem,128045,AccessExclusiveLock,t
1441140836.04731,lineitem,128048,ShareLock,f
1441140836.04731,lineitem,128044,ShareLock,f
1441140836.04731,lineitem,128045,ShareLock,t
1441140836.04731,pg_index,128747,AccessShareLock,t
1441140836.04731,pg_index,128744,AccessShareLock,t
1441140836.04731,pg_locks,128748,AccessShareLock,t
1441140836.04731,pg_namespace,128747,AccessShareLock,t
1441140836.04731,pg_stat_activity,128746,AccessShareLock,t
1441140836.04731,pg_stat_all_indexes,128747,AccessShareLock,t
1441140836.04731,pg_stat_all_tables,128744,AccessShareLock,t
1441140836.04731,pg_stat_database,128745,AccessShareLock,t
1441140836.04731,pg_statio_all_indexes,128747,AccessShareLock,t
1441140836.04731,pg_statio_all_tables,128744,AccessShareLock,t
1441140896.04763,lineitem,128045,AccessExclusiveLock,t
1441140896.04763,lineitem,128048,ShareLock,f
1441140896.04763,lineitem,128044,ShareLock,f
1441140896.04763,lineitem,128045,ShareLock,t
1441140896.04763,pg_index,128760,AccessShareLock,t
1441140896.04763,pg_index,128757,AccessShareLock,t
1441140896.04763,pg_locks,128761,AccessShareLock,t
1441140896.04763,pg_stat_activity,128758,AccessShareLock,t
1441140896.04763,pg_stat_all_indexes,128760,AccessShareLock,t
1441140896.04763,pg_stat_all_tables,128757,AccessShareLock,t
1441140896.04763,pg_stat_database,128759,AccessShareLock,t
1441140896.04763,pg_statio_all_indexes,128760,AccessShareLock,t
1441140896.04763,pg_statio_all_tables,128757,AccessShareLock,t
1441140956.04931,lineitem,128045,AccessExclusiveLock,t
1441140956.04931,lineitem,128048,ShareLock,f
1441140956.04931,lineitem,128044,ShareLock,f
1441140956.04931,lineitem,128045,ShareLock,t
1441140956.04931,pg_index,128775,AccessShareLock,t
1441140956.04931,pg_index,128772,AccessShareLock,t
1441140956.04931,pg_locks,128774,AccessShareLock,t
1441140956.04931,pg_namespace,128775,AccessShareLock,t
1441140956.04931,pg_stat_activity,128776,AccessShareLock,t
1441140956.04931,pg_stat_all_indexes,128775,AccessShareLock,t
1441140956.04931,pg_stat_all_tables,128772,AccessShareLock,t
1441140956.04931,pg_stat_database,128773,AccessShareLock,t
1441140956.04931,pg_statio_all_indexes,128775,AccessShareLock,t
1441140956.04931,pg_statio_all_tables,128772,AccessShareLock,t
1441141016.05129,lineitem,128045,AccessExclusiveLock,t
1441141016.05129,lineitem,128048,ShareLock,f
1441141016.05129,lineitem,128044,ShareLock,f
1441141016.05129,lineitem,128045,ShareLock,t
1441141016.05129,pg_index,128786,AccessShareLock,t
1441141016.05129,pg_index,128789,AccessShareLock,t
1441141016.05129,pg_locks,128788,AccessShareLock,t
1441141016.05129,pg_namespace,128786,AccessShareLock,t
1441141016.05129,pg_namespace,128789,AccessShareLock,t
1441141016.05129,pg_stat_all_indexes,128789,AccessShareLock,t
1441141016.05129,pg_stat_all_tables,128786,AccessShareLock,t
1441141016.05129,pg_stat_database,128785,AccessShareLock,t
1441141016.05129,pg_statio_all_indexes,128789,AccessShareLock,t
1441141016.05129,pg_statio_all_tables,128786,AccessShareLock,t
1441141076.05274,lineitem,128048,ShareLock,f
1441141076.05274,lineitem,128045,ShareLock,t
1441141076.05274,lineitem,128044,ShareLock,f
1441141076.05274,lineitem,128045,AccessExclusiveLock,t
1441141076.05274,pg_index,128804,AccessShareLock,t
1441141076.05274,pg_locks,128801,AccessShareLock,t
1441141076.05274,pg_operator,128803,AccessShareLock,t
1441141076.05274,pg_operator_oprname_l_r_n_index,128803,AccessShareLock,t
1441141076.05274,pg_stat_activity,128800,AccessShareLock,t
1441141076.05274,pg_stat_all_indexes,128804,AccessShareLock,t
1441141076.05274,pg_stat_all_tables,128803,AccessShareLock,t
1441141076.05274,pg_stat_database,128802,AccessShareLock,t
1441141076.05274,pg_statio_all_indexes,128804,AccessShareLock,t
1441141076.05274,pg_statio_all_tables,128803,AccessShareLock,t
1441141136.05471,lineitem,128045,AccessExclusiveLock,t
1441141136.05471,lineitem,128048,ShareLock,f
1441141136.05471,lineitem,128044,ShareLock,f
1441141136.05471,lineitem,128045,ShareLock,t
1441141136.05471,pg_index,128817,AccessShareLock,t
1441141136.05471,pg_locks,128814,AccessShareLock,t
1441141136.05471,pg_namespace,128817,AccessShareLock,t
1441141136.05471,pg_stat_activity,128816,AccessShareLock,t
1441141136.05471,pg_stat_all_indexes,128817,AccessShareLock,t
1441141136.05471,pg_stat_all_tables,128818,AccessShareLock,t
1441141136.05471,pg_stat_database,128815,AccessShareLock,t
1441141136.05471,pg_statio_all_indexes,128817,AccessShareLock,t
1441141136.05471,pg_statio_all_tables,128818,AccessShareLock,t
1441141196.05652,lineitem,128045,AccessExclusiveLock,t
1441141196.05652,lineitem,128048,ShareLock,f
1441141196.05652,lineitem,128044,ShareLock,f
1441141196.05652,lineitem,128045,ShareLock,t
1441141196.05652,pg_amproc,128828,AccessShareLock,t
1441141196.05652,pg_amproc_fam_proc_index,128828,AccessShareLock,t
1441141196.05652,pg_index,128827,AccessShareLock,t
1441141196.05652,pg_index,128830,AccessShareLock,t
1441141196.05652,pg_locks,128829,AccessShareLock,t
1441141196.05652,pg_namespace,128830,AccessShareLock,t
1441141196.05652,pg_stat_activity,128828,AccessShareLock,t
1441141196.05652,pg_stat_all_indexes,128830,AccessShareLock,t
1441141196.05652,pg_stat_all_tables,128827,AccessShareLock,t
1441141196.05652,pg_stat_database,128831,AccessShareLock,t
1441141196.05652,pg_statio_all_indexes,128830,AccessShareLock,t
1441141196.05652,pg_statio_all_tables,128827,AccessShareLock,t
1441141256.05858,lineitem,128045,AccessExclusiveLock,t
1441141256.05858,lineitem,128048,ShareLock,f
1441141256.05858,lineitem,128044,ShareLock,f
1441141256.05858,lineitem,128045,ShareLock,t
1441141256.05858,pg_index,128851,AccessShareLock,t
1441141256.05858,pg_index,128852,AccessShareLock,t
1441141256.05858,pg_locks,128850,AccessShareLock,t
1441141256.05858,pg_namespace,128852,AccessShareLock,t
1441141256.05858,pg_stat_activity,128848,AccessShareLock,t
1441141256.05858,pg_stat_all_indexes,128852,AccessShareLock,t
1441141256.05858,pg_stat_all_tables,128851,AccessShareLock,t
1441141256.05858,pg_stat_database,128849,AccessShareLock,t
1441141256.05858,pg_statio_all_indexes,128852,AccessShareLock,t
1441141256.05858,pg_statio_all_tables,128851,AccessShareLock,t
1441141316.06036,lineitem,128048,ShareLock,f
1441141316.06036,lineitem,128045,ShareLock,t
1441141316.06036,lineitem,128044,ShareLock,f
1441141316.06036,lineitem,128045,AccessExclusiveLock,t
1441141316.06036,pg_index,128885,AccessShareLock,t
1441141316.06036,pg_locks,128884,AccessShareLock,t
1441141316.06036,pg_rewrite,128883,AccessShareLock,t
1441141316.06036,pg_rewrite_rel_rulename_index,128883,AccessShareLock,t
1441141316.06036,pg_stat_activity,128882,AccessShareLock,t
1441141316.06036,pg_stat_all_indexes,128885,AccessShareLock,t
1441141316.06036,pg_stat_all_tables,128883,AccessShareLock,t
1441141316.06036,pg_stat_database,128881,AccessShareLock,t
1441141316.06036,pg_statio_all_indexes,128885,AccessShareLock,t
1441141316.06036,pg_statio_all_tables,128883,AccessShareLock,t
1441141376.06388,lineitem,128044,ShareLock,t
1441141376.06388,lineitem,128048,ShareLock,t
1441141376.06388,pg_index,128898,AccessShareLock,t
1441141376.06388,pg_index,128894,AccessShareLock,t
1441141376.06388,pg_locks,128895,AccessShareLock,t
1441141376.06388,pg_stat_activity,128897,AccessShareLock,t
1441141376.06388,pg_stat_all_indexes,128898,AccessShareLock,t
1441141376.06388,pg_stat_all_tables,128894,AccessShareLock,t
1441141376.06388,pg_stat_database,128896,AccessShareLock,t
1441141376.06388,pg_statio_all_indexes,128898,AccessShareLock,t
1441141376.06388,pg_statio_all_tables,128894,AccessShareLock,t
1441141436.06379,lineitem,128044,ShareLock,t
1441141436.06379,lineitem,128048,ShareLock,t
1441141436.06379,pg_index,128907,AccessShareLock,t
1441141436.06379,pg_index,128909,AccessShareLock,t
1441141436.06379,pg_locks,128911,AccessShareLock,t
1441141436.06379,pg_namespace,128907,AccessShareLock,t
1441141436.06379,pg_stat_activity,128908,AccessShareLock,t
1441141436.06379,pg_stat_all_indexes,128907,AccessShareLock,t
1441141436.06379,pg_stat_all_tables,128909,AccessShareLock,t
1441141436.06379,pg_stat_database,128910,AccessShareLock,t
1441141436.06379,pg_statio_all_indexes,128907,AccessShareLock,t
1441141436.06379,pg_statio_all_tables,128909,AccessShareLock,t
1441141496.06528,lineitem,128044,ShareLock,t
1441141496.06528,lineitem,128048,ShareLock,t
1441141496.06528,pg_index,128920,AccessShareLock,t
1441141496.06528,pg_index,128924,AccessShareLock,t
1441141496.06528,pg_locks,128922,AccessShareLock,t
1441141496.06528,pg_namespace,128920,AccessShareLock,t
1441141496.06528,pg_stat_activity,128923,AccessShareLock,t
1441141496.06528,pg_stat_all_indexes,128924,AccessShareLock,t
1441141496.06528,pg_stat_all_tables,128920,AccessShareLock,t
1441141496.06528,pg_stat_database,128921,AccessShareLock,t
1441141496.06528,pg_statio_all_indexes,128924,AccessShareLock,t
1441141496.06528,pg_statio_all_tables,128920,AccessShareLock,t
1441141556.06725,lineitem,128928,ShareUpdateExclusiveLock,t
1441141556.06725,lineitem_l_orderkey_idx,128928,RowExclusiveLock,t
1441141556.06725,lineitem_l_orderkey_idx_l_returnflag,128928,RowExclusiveLock,t
1441141556.06725,lineitem_l_orderkey_idx_part1,128928,RowExclusiveLock,t
1441141556.06725,lineitem_l_orderkey_idx_part2,128928,RowExclusiveLock,t
1441141556.06725,lineitem_l_orderkey_l_linenumber_l_shipdate_idx,128928,RowExclusiveLock,t
1441141556.06725,lineitem_l_partkey_l_quantity_l_shipmode_idx,128928,RowExclusiveLock,t
1441141556.06725,lineitem_l_shipdate_l_suppkey__idx,128928,RowExclusiveLock,t
1441141556.06725,pg_index,128937,AccessShareLock,t
1441141556.06725,pg_index,128939,AccessShareLock,t
1441141556.06725,pg_locks,128935,AccessShareLock,t
1441141556.06725,pg_stat_activity,128936,AccessShareLock,t
1441141556.06725,pg_stat_all_indexes,128939,AccessShareLock,t
1441141556.06725,pg_stat_all_tables,128937,AccessShareLock,t
1441141556.06725,pg_stat_database,128938,AccessShareLock,t
1441141556.06725,pg_statio_all_indexes,128939,AccessShareLock,t
1441141556.06725,pg_statio_all_tables,128937,AccessShareLock,t
1441141556.06725,pk_lineitem,128928,RowExclusiveLock,t
1441141616.06953,lineitem,128928,ShareUpdateExclusiveLock,t
1441141616.06953,lineitem_l_orderkey_idx,128928,RowExclusiveLock,t
1441141616.06953,lineitem_l_orderkey_idx_l_returnflag,128928,RowExclusiveLock,t
1441141616.06953,lineitem_l_orderkey_idx_part1,128928,RowExclusiveLock,t
1441141616.06953,lineitem_l_orderkey_idx_part2,128928,RowExclusiveLock,t
1441141616.06953,lineitem_l_orderkey_l_linenumber_l_shipdate_idx,128928,RowExclusiveLock,t
1441141616.06953,lineitem_l_partkey_l_quantity_l_shipmode_idx,128928,RowExclusiveLock,t
1441141616.06953,lineitem_l_shipdate_l_suppkey__idx,128928,RowExclusiveLock,t
1441141616.06953,pg_index,128950,AccessShareLock,t
1441141616.06953,pg_index,128952,AccessShareLock,t
1441141616.06953,pg_index_indexrelid_index,128952,AccessShareLock,t
1441141616.06953,pg_index_indrelid_index,128952,AccessShareLock,t
1441141616.06953,pg_locks,128951,AccessShareLock,t
1441141616.06953,pg_namespace,128952,AccessShareLock,t
1441141616.06953,pg_namespace,128950,AccessShareLock,t
1441141616.06953,pg_namespace_nspname_index,128952,AccessShareLock,t
1441141616.06953,pg_namespace_oid_index,128952,AccessShareLock,t
1441141616.06953,pg_stat_activity,128953,AccessShareLock,t
1441141616.06953,pg_stat_all_indexes,128952,AccessShareLock,t
1441141616.06953,pg_stat_all_tables,128950,AccessShareLock,t
1441141616.06953,pg_stat_database,128954,AccessShareLock,t
1441141616.06953,pg_statio_all_indexes,128952,AccessShareLock,t
1441141616.06953,pg_statio_all_tables,128950,AccessShareLock,t
1441141616.06953,pg_statistic,128952,AccessShareLock,t
1441141616.06953,pg_statistic_relid_att_inh_index,128952,AccessShareLock,t
1441141616.06953,pk_lineitem,128928,RowExclusiveLock,t
1441141676.071,lineitem,128928,ShareUpdateExclusiveLock,t
1441141676.071,lineitem_l_orderkey_idx,128928,RowExclusiveLock,t
1441141676.071,lineitem_l_orderkey_idx_l_returnflag,128928,RowExclusiveLock,t
1441141676.071,lineitem_l_orderkey_idx_part1,128928,RowExclusiveLock,t
1441141676.071,lineitem_l_orderkey_idx_part2,128928,RowExclusiveLock,t
1441141676.071,lineitem_l_orderkey_l_linenumber_l_shipdate_idx,128928,RowExclusiveLock,t
1441141676.071,lineitem_l_partkey_l_quantity_l_shipmode_idx,128928,RowExclusiveLock,t
1441141676.071,lineitem_l_shipdate_l_suppkey__idx,128928,RowExclusiveLock,t
1441141676.071,pg_index,128963,AccessShareLock,t
1441141676.071,pg_locks,128966,AccessShareLock,t
1441141676.071,pg_stat_activity,128964,AccessShareLock,t
1441141676.071,pg_stat_all_indexes,128967,AccessShareLock,t
1441141676.071,pg_stat_all_tables,128963,AccessShareLock,t
1441141676.071,pg_stat_database,128965,AccessShareLock,t
1441141676.071,pg_statio_all_indexes,128967,AccessShareLock,t
1441141676.071,pg_statio_all_tables,128963,AccessShareLock,t
1441141676.071,pk_lineitem,128928,RowExclusiveLock,t
1441141736.08063,lineitem,128928,ShareUpdateExclusiveLock,t
1441141736.08063,lineitem_l_orderkey_idx,128928,RowExclusiveLock,t
1441141736.08063,lineitem_l_orderkey_idx_l_returnflag,128928,RowExclusiveLock,t
1441141736.08063,lineitem_l_orderkey_idx_part1,128928,RowExclusiveLock,t
1441141736.08063,lineitem_l_orderkey_idx_part2,128928,RowExclusiveLock,t
1441141736.08063,lineitem_l_orderkey_l_linenumber_l_shipdate_idx,128928,RowExclusiveLock,t
1441141736.08063,lineitem_l_partkey_l_quantity_l_shipmode_idx,128928,RowExclusiveLock,t
1441141736.08063,lineitem_l_shipdate_l_suppkey__idx,128928,RowExclusiveLock,t
1441141736.08063,pg_index,128977,AccessShareLock,t
1441141736.08063,pg_index,128979,AccessShareLock,t
1441141736.08063,pg_index_indexrelid_index,128979,AccessShareLock,t
1441141736.08063,pg_index_indexrelid_index,128977,AccessShareLock,t
1441141736.08063,pg_index_indrelid_index,128979,AccessShareLock,t
1441141736.08063,pg_index_indrelid_index,128977,AccessShareLock,t
1441141736.08063,pg_locks,128980,AccessShareLock,t
1441141736.08063,pg_namespace,128977,AccessShareLock,t
1441141736.08063,pg_namespace,128979,AccessShareLock,t
1441141736.08063,pg_namespace_nspname_index,128979,AccessShareLock,t
1441141736.08063,pg_namespace_nspname_index,128977,AccessShareLock,t
1441141736.08063,pg_namespace_oid_index,128977,AccessShareLock,t
1441141736.08063,pg_namespace_oid_index,128979,AccessShareLock,t
1441141736.08063,pg_stat_all_indexes,128977,AccessShareLock,t
1441141736.08063,pg_stat_all_tables,128979,AccessShareLock,t
1441141736.08063,pg_stat_database,128978,AccessShareLock,t
1441141736.08063,pg_statio_all_indexes,128977,AccessShareLock,t
1441141736.08063,pg_statio_all_tables,128979,AccessShareLock,t
1441141736.08063,pk_lineitem,128928,RowExclusiveLock,t
1441141796.07957,lineitem,128928,ShareUpdateExclusiveLock,t
1441141796.07957,lineitem_l_orderkey_idx,128928,AccessShareLock,t
1441141796.07957,lineitem_l_orderkey_idx_l_returnflag,128928,AccessShareLock,t
1441141796.07957,lineitem_l_orderkey_idx_part1,128928,AccessShareLock,t
1441141796.07957,lineitem_l_orderkey_idx_part2,128928,AccessShareLock,t
1441141796.07957,lineitem_l_orderkey_l_linenumber_l_shipdate_idx,128928,AccessShareLock,t
1441141796.07957,lineitem_l_partkey_l_quantity_l_shipmode_idx,128928,AccessShareLock,t
1441141796.07957,lineitem_l_shipdate_l_suppkey__idx,128928,AccessShareLock,t
1441141796.07957,pg_index,128992,AccessShareLock,t
1441141796.07957,pg_index,128989,AccessShareLock,t
1441141796.07957,pg_locks,128990,AccessShareLock,t
1441141796.07957,pg_stat_activity,128991,AccessShareLock,t
1441141796.07957,pg_stat_all_indexes,128992,AccessShareLock,t
1441141796.07957,pg_stat_all_tables,128989,AccessShareLock,t
1441141796.07957,pg_stat_database,128993,AccessShareLock,t
1441141796.07957,pg_statio_all_indexes,128992,AccessShareLock,t
1441141796.07957,pg_statio_all_tables,128989,AccessShareLock,t
1441141796.07957,pk_lineitem,128928,AccessShareLock,t
1441141856.08157,lineitem,128928,ShareUpdateExclusiveLock,t
1441141856.08157,lineitem_l_orderkey_idx,128928,AccessShareLock,t
1441141856.08157,lineitem_l_orderkey_idx_l_returnflag,128928,AccessShareLock,t
1441141856.08157,lineitem_l_orderkey_idx_part1,128928,AccessShareLock,t
1441141856.08157,lineitem_l_orderkey_idx_part2,128928,AccessShareLock,t
1441141856.08157,lineitem_l_orderkey_l_linenumber_l_shipdate_idx,128928,AccessShareLock,t
1441141856.08157,lineitem_l_partkey_l_quantity_l_shipmode_idx,128928,AccessShareLock,t
1441141856.08157,lineitem_l_shipdate_l_suppkey__idx,128928,AccessShareLock,t
1441141856.08157,pg_cast,129009,AccessShareLock,t
1441141856.08157,pg_cast_source_target_index,129009,AccessShareLock,t
1441141856.08157,pg_locks,129012,AccessShareLock,t
1441141856.08157,pg_stat_activity,129011,AccessShareLock,t
1441141856.08157,pg_stat_all_indexes,129009,AccessShareLock,t
1441141856.08157,pg_stat_all_tables,129013,AccessShareLock,t
1441141856.08157,pg_stat_database,129010,AccessShareLock,t
1441141856.08157,pg_statio_all_indexes,129009,AccessShareLock,t
1441141856.08157,pg_statio_all_tables,129013,AccessShareLock,t
1441141856.08157,pk_lineitem,128928,AccessShareLock,t
